age,job,marital,education,default,balance,housing,loan,contact,day,month,duration,campaign,pdays,previous,poutcome,y
63,retired,married,secondary,no,694,no,no,cellular,27,may,485.0,1,,2,failure,no
32,blue-collar,divorced,secondary,no,391,yes,no,cellular,13,apr,88.0,1,,0,unknown,no
32,student,single,secondary,no,102,no,no,cellular,27,apr,99.0,7,,0,unknown,no
81,retired,married,primary,no,0,no,no,telephone,5,aug,541.0,1,,3,success,no
24,student,single,tertiary,no,0,no,no,cellular,28,jan,108.0,1,,1,success,no
31,services,single,secondary,no,-189,yes,no,cellular,7,may,182.0,1,,3,other,no
52,admin.,married,secondary,no,-268,no,yes,cellular,11,aug,37.0,1,,1,failure,no
32,management,married,tertiary,no,1158,no,no,telephone,30,jun,541.0,2,,4,other,yes
40,technician,married,secondary,no,1852,no,no,cellular,3,jun,556.0,1,,1,other,yes
28,admin.,single,tertiary,no,147,yes,no,cellular,9,mar,67.0,3,,1,failure,no
20,student,single,secondary,no,1967,no,no,cellular,26,may,173.0,1,,7,other,yes
60,retired,married,secondary,no,5853,no,no,cellular,6,aug,,2,,3,failure,no
37,blue-collar,single,primary,no,422,yes,no,cellular,11,may,1164.0,1,,4,failure,no
67,retired,divorced,primary,no,243,no,yes,cellular,11,sep,40.0,2,,0,unknown,no
38,blue-collar,married,primary,no,-163,yes,no,cellular,17,apr,276.0,2,,1,failure,no
59,management,married,tertiary,no,2284,no,no,telephone,2,jun,199.0,1,,3,failure,no
32,student,single,primary,no,413,yes,no,telephone,13,may,242.0,3,,7,failure,no
55,management,married,tertiary,no,1033,no,no,cellular,5,jun,446.0,1,,0,unknown,no
39,technician,married,secondary,no,314,no,no,cellular,21,aug,249.0,1,,12,other,no
26,management,married,secondary,no,556,no,no,cellular,26,may,230.0,3,,0,unknown,yes
31,technician,married,secondary,no,2048,yes,no,cellular,31,aug,496.0,2,,0,unknown,yes
22,admin.,single,tertiary,no,4545,no,no,cellular,4,may,725.0,1,,0,unknown,yes
38,admin.,married,secondary,no,1595,no,no,unknown,9,sep,23.0,1,,5,failure,no
59,management,divorced,tertiary,no,406,yes,no,cellular,5,jun,118.0,2,,0,unknown,no
59,management,married,unknown,no,1450,no,no,cellular,11,aug,318.0,3,,2,failure,yes
64,retired,divorced,secondary,no,2026,no,no,cellular,24,aug,112.0,1,,2,failure,no
53,admin.,single,secondary,no,2589,no,no,cellular,26,may,716.0,1,,1,success,yes
32,blue-collar,single,secondary,no,1495,no,no,cellular,18,may,102.0,1,,0,unknown,no
27,admin.,single,unknown,no,380,no,no,cellular,23,oct,119.0,1,,1,failure,no
68,retired,single,primary,no,5529,no,no,cellular,10,feb,229.0,1,,2,failure,yes
33,services,divorced,secondary,no,-278,yes,no,cellular,13,may,7.0,4,,1,other,no
32,admin.,single,secondary,no,59,yes,no,cellular,17,apr,226.0,1,,0,unknown,no
30,blue-collar,married,secondary,no,2457,yes,no,cellular,17,apr,240.0,2,,2,failure,no
42,blue-collar,divorced,unknown,no,207,yes,no,cellular,16,apr,394.0,2,,0,unknown,no
77,retired,married,primary,no,123,no,no,telephone,4,sep,257.0,1,,0,unknown,no
71,retired,married,primary,no,5584,no,no,cellular,29,oct,193.0,1,,3,failure,yes
32,student,divorced,unknown,no,139,no,no,cellular,16,mar,102.0,1,,0,unknown,no
40,technician,single,tertiary,no,136,yes,no,cellular,3,apr,465.0,1,,7,failure,no
27,blue-collar,married,primary,no,2047,yes,no,cellular,20,apr,229.0,1,,1,failure,no
26,unemployed,single,secondary,no,14,no,no,cellular,7,aug,252.0,1,,0,unknown,yes
37,blue-collar,married,secondary,no,543,yes,no,cellular,20,apr,302.0,1,,0,unknown,no
24,entrepreneur,single,tertiary,no,112,yes,no,cellular,13,may,151.0,1,,0,unknown,no
28,blue-collar,married,secondary,no,230,yes,no,cellular,15,may,207.0,1,,2,failure,no
31,blue-collar,single,secondary,no,486,no,no,cellular,24,apr,305.0,2,,1,failure,yes
22,student,single,secondary,no,2297,no,no,cellular,12,oct,700.0,1,,0,unknown,yes
38,technician,married,tertiary,no,863,yes,no,unknown,16,nov,5.0,1,,3,success,no
43,blue-collar,married,secondary,no,148,yes,no,cellular,18,may,11.0,6,,0,unknown,no
28,student,single,secondary,no,5330,no,no,cellular,30,jul,113.0,1,,3,success,no
67,management,married,unknown,no,1559,no,no,telephone,5,may,221.0,5,,0,unknown,no
33,blue-collar,married,secondary,no,243,yes,no,cellular,17,apr,239.0,1,,0,unknown,no
37,management,single,tertiary,no,567,yes,no,cellular,11,may,155.0,1,,0,unknown,no
50,housemaid,married,secondary,no,1147,no,no,cellular,22,may,343.0,2,,1,other,yes
58,management,married,tertiary,no,1150,no,no,cellular,15,oct,123.0,1,,0,unknown,no
44,technician,married,secondary,no,1680,yes,no,cellular,8,apr,1190.0,1,,0,unknown,yes
34,management,single,tertiary,no,1271,yes,yes,cellular,3,jun,194.0,3,,6,failure,no
47,blue-collar,divorced,primary,no,233,yes,no,cellular,13,may,323.0,2,,1,failure,no
38,technician,single,tertiary,no,664,yes,no,cellular,7,apr,1293.0,1,,0,unknown,no
31,management,married,tertiary,no,97,no,no,cellular,28,dec,310.0,1,,2,success,yes
30,blue-collar,married,secondary,no,101,yes,no,cellular,15,may,54.0,1,,1,failure,no
52,management,married,tertiary,no,645,yes,no,cellular,8,sep,175.0,3,,0,unknown,yes
34,management,married,tertiary,no,636,yes,yes,unknown,11,jan,110.0,1,,1,failure,no
33,student,single,tertiary,no,2406,no,no,telephone,12,aug,135.0,1,,9,success,no
33,technician,single,tertiary,no,221,yes,yes,cellular,6,may,100.0,1,,0,unknown,no
58,self-employed,married,secondary,no,1211,yes,no,cellular,14,may,141.0,1,,7,failure,no
31,blue-collar,single,primary,no,194,yes,no,cellular,12,may,225.0,3,,2,failure,no
34,admin.,single,tertiary,no,346,yes,no,cellular,12,may,58.0,2,,4,failure,no
28,student,single,tertiary,no,255,no,no,cellular,11,aug,369.0,1,,4,success,yes
49,management,married,tertiary,no,1501,yes,no,cellular,15,may,301.0,1,,0,unknown,no
23,technician,single,secondary,no,145,yes,no,cellular,18,sep,92.0,5,,2,success,no
32,services,single,tertiary,no,2907,yes,no,cellular,10,mar,106.0,1,,7,other,yes
42,management,single,tertiary,no,2495,yes,yes,cellular,20,apr,778.0,2,,0,unknown,no
22,student,single,secondary,no,222,no,no,cellular,9,oct,259.0,1,,1,failure,no
30,management,single,tertiary,no,192,yes,no,cellular,5,may,335.0,2,,0,unknown,no
40,unknown,single,unknown,no,1233,no,no,cellular,3,sep,271.0,1,,1,failure,yes
29,blue-collar,married,secondary,no,896,yes,no,cellular,17,apr,228.0,2,,1,failure,no
33,admin.,married,secondary,no,0,yes,no,cellular,11,may,522.0,2,,5,failure,no
42,blue-collar,divorced,primary,no,365,yes,no,cellular,12,may,551.0,1,,0,unknown,yes
37,services,divorced,secondary,no,5731,yes,no,cellular,13,may,1156.0,2,,1,failure,yes
50,admin.,divorced,secondary,no,4721,yes,no,cellular,28,dec,95.0,2,,5,other,no
49,entrepreneur,married,primary,no,2331,yes,yes,telephone,8,may,599.0,2,,0,unknown,no
40,blue-collar,divorced,secondary,no,523,yes,no,cellular,15,may,81.0,3,,2,failure,no
50,services,married,unknown,no,195,yes,no,cellular,22,jul,138.0,2,,6,other,yes
41,services,married,tertiary,no,1311,no,no,cellular,6,oct,200.0,3,,0,unknown,no
65,retired,married,unknown,no,8725,no,no,cellular,19,oct,169.0,1,,0,unknown,yes
38,blue-collar,married,secondary,no,-576,yes,no,cellular,20,apr,111.0,1,,5,failure,no
39,blue-collar,single,secondary,no,-63,yes,no,cellular,7,may,269.0,3,,3,failure,no
45,blue-collar,single,tertiary,no,1287,yes,no,cellular,14,may,63.0,2,,2,success,no
45,management,married,tertiary,no,0,yes,no,cellular,27,may,188.0,1,,0,unknown,yes
53,technician,married,secondary,no,3419,no,no,cellular,23,sep,323.0,1,,2,failure,no
76,retired,married,unknown,no,0,no,no,telephone,8,jul,99.0,2,,0,unknown,no
23,student,single,secondary,no,2773,no,no,cellular,30,sep,292.0,1,,1,success,yes
54,retired,married,secondary,no,3133,yes,no,cellular,15,jun,341.0,1,,1,success,yes
33,management,single,tertiary,no,966,no,no,cellular,5,jun,394.0,2,,3,success,yes
33,management,single,tertiary,no,765,yes,no,cellular,5,may,288.0,2,,0,unknown,no
31,management,single,tertiary,no,3931,no,no,cellular,28,jan,216.0,3,,1,success,yes
42,blue-collar,married,primary,no,560,yes,yes,cellular,20,apr,467.0,3,,8,failure,no
25,technician,single,secondary,no,1831,no,no,cellular,23,sep,172.0,7,,1,failure,no
52,management,single,unknown,no,1849,no,no,cellular,7,sep,2182.0,2,,2,failure,yes
34,technician,single,secondary,no,580,no,no,unknown,12,feb,7.0,1,,2,failure,no
47,housemaid,divorced,tertiary,no,61,yes,no,cellular,6,may,153.0,1,,2,failure,no
59,housemaid,divorced,primary,no,372,yes,no,cellular,11,may,197.0,7,,0,unknown,no
42,blue-collar,married,secondary,no,106,yes,no,cellular,9,apr,165.0,1,,1,failure,no
38,blue-collar,married,secondary,no,190,yes,no,telephone,8,may,32.0,1,,0,unknown,no
30,management,married,tertiary,no,630,no,no,cellular,30,apr,83.0,1,,1,other,no
34,management,married,tertiary,no,1851,yes,no,cellular,13,may,89.0,1,,0,unknown,no
49,technician,married,secondary,no,9327,no,no,cellular,4,nov,2160.0,1,,1,failure,yes
38,admin.,married,tertiary,no,535,no,no,cellular,13,aug,181.0,1,,2,failure,yes
34,management,married,tertiary,no,935,no,no,cellular,9,nov,136.0,1,,2,success,no
61,retired,married,secondary,no,48,no,no,cellular,27,aug,350.0,1,,0,unknown,yes
30,blue-collar,single,secondary,no,200,no,no,cellular,30,apr,159.0,1,,0,unknown,no
55,technician,divorced,secondary,no,294,no,no,cellular,11,dec,181.0,3,,0,unknown,yes
43,self-employed,divorced,tertiary,no,14134,no,no,cellular,15,oct,332.0,3,,1,failure,yes
34,admin.,single,secondary,no,1016,yes,no,cellular,5,apr,41.0,1,,1,failure,no
32,technician,single,secondary,no,133,no,no,cellular,6,may,156.0,1,,1,failure,no
27,student,single,secondary,no,913,yes,no,cellular,11,may,439.0,2,,3,other,no
31,unemployed,married,secondary,no,4198,no,no,telephone,9,sep,167.0,1,,1,other,no
40,blue-collar,married,primary,no,219,yes,no,cellular,12,may,100.0,3,,7,failure,no
33,technician,married,secondary,no,1114,yes,no,cellular,2,jun,150.0,1,,6,other,no
35,technician,divorced,secondary,no,111,yes,no,cellular,5,may,676.0,1,,1,other,no
39,unemployed,single,tertiary,no,84,yes,no,cellular,11,may,191.0,1,,0,unknown,no
33,technician,single,secondary,no,194,yes,no,cellular,15,may,207.0,1,,0,unknown,no
29,technician,single,secondary,no,1962,yes,no,cellular,4,aug,125.0,3,,12,success,no
44,blue-collar,married,primary,no,1381,yes,no,cellular,13,may,472.0,2,,1,failure,no
29,technician,married,secondary,no,255,yes,no,cellular,25,may,293.0,6,,0,unknown,no
63,admin.,divorced,secondary,no,1255,no,no,telephone,15,jun,146.0,1,,4,failure,no
46,blue-collar,divorced,secondary,no,978,yes,no,cellular,20,apr,327.0,1,,0,unknown,no
34,management,married,tertiary,no,139,no,yes,cellular,1,jun,246.0,1,,1,failure,yes
54,technician,married,secondary,no,7462,no,no,cellular,19,oct,114.0,1,,0,unknown,no
35,self-employed,single,tertiary,no,3410,yes,no,telephone,13,may,28.0,1,,0,unknown,no
29,management,single,tertiary,no,1076,no,no,cellular,9,mar,151.0,1,,0,unknown,yes
31,blue-collar,single,secondary,no,1699,yes,no,cellular,6,may,102.0,2,,8,failure,no
43,technician,single,secondary,no,2083,yes,no,cellular,20,apr,298.0,1,,0,unknown,no
32,technician,single,tertiary,no,3267,yes,no,telephone,13,may,937.0,3,,1,failure,no
51,admin.,married,secondary,no,547,no,no,cellular,25,nov,238.0,1,,0,unknown,yes
33,admin.,single,secondary,no,246,yes,no,cellular,11,may,252.0,1,,1,failure,no
46,management,divorced,tertiary,no,1781,no,no,cellular,3,aug,333.0,3,,2,success,no
55,technician,married,secondary,no,315,yes,no,cellular,30,oct,125.0,1,,0,unknown,yes
50,blue-collar,married,primary,no,2076,no,no,cellular,28,jun,101.0,3,,1,failure,no
40,blue-collar,married,secondary,no,1564,yes,no,cellular,17,apr,318.0,1,,1,failure,no
60,retired,married,primary,no,111,no,no,telephone,5,jun,120.0,1,,0,unknown,no
35,technician,married,secondary,no,520,yes,no,cellular,17,jun,162.0,2,,5,failure,no
31,blue-collar,single,secondary,no,10,yes,no,telephone,18,may,20.0,3,,3,failure,no
42,technician,single,secondary,no,1316,no,no,cellular,30,apr,160.0,1,,0,unknown,yes
32,admin.,divorced,secondary,no,71,yes,no,cellular,18,may,265.0,1,,0,unknown,no
37,management,married,tertiary,no,294,yes,no,cellular,2,apr,226.0,3,,1,success,yes
44,services,married,secondary,no,318,yes,no,cellular,11,aug,254.0,1,,1,success,no
48,self-employed,single,tertiary,no,5818,yes,no,cellular,13,may,172.0,1,,13,failure,no
40,blue-collar,married,primary,no,268,yes,no,cellular,15,may,87.0,2,,0,unknown,no
30,student,single,secondary,no,896,no,no,cellular,12,aug,334.0,3,,3,other,no
48,management,divorced,tertiary,no,2776,yes,no,cellular,9,sep,112.0,2,,0,unknown,no
27,management,married,secondary,no,254,yes,no,cellular,2,jun,91.0,1,,1,failure,no
42,management,single,secondary,no,2259,yes,no,cellular,15,may,159.0,3,,2,other,no
51,blue-collar,married,secondary,no,2764,no,no,telephone,1,jun,373.0,2,,2,failure,no
71,retired,single,secondary,no,471,no,no,telephone,22,oct,876.0,2,,0,unknown,yes
34,technician,married,secondary,no,3648,yes,no,cellular,5,oct,532.0,1,,1,failure,yes
38,management,divorced,tertiary,no,7200,yes,no,cellular,4,may,67.0,5,,1,success,no
50,management,married,tertiary,no,11,no,no,cellular,26,aug,245.0,1,,0,unknown,no
55,admin.,divorced,tertiary,no,1675,no,no,cellular,2,jun,139.0,1,,2,failure,no
29,services,single,secondary,no,179,yes,no,telephone,14,may,32.0,2,,2,failure,no
35,management,married,tertiary,no,766,yes,no,cellular,6,may,222.0,3,,0,unknown,no
35,admin.,divorced,secondary,no,490,yes,no,cellular,17,apr,127.0,1,,1,failure,no
33,blue-collar,married,primary,no,142,yes,no,cellular,13,may,197.0,2,,1,failure,no
54,technician,married,secondary,no,3608,yes,no,cellular,19,feb,295.0,1,,5,failure,yes
52,technician,divorced,secondary,no,2822,no,no,cellular,21,apr,147.0,2,,4,failure,yes
51,housemaid,married,secondary,no,8533,no,no,cellular,4,nov,213.0,1,,1,success,yes
28,management,single,tertiary,no,136,yes,no,telephone,11,may,137.0,1,,3,success,no
53,blue-collar,married,primary,no,0,yes,no,telephone,11,may,370.0,2,,0,unknown,no
30,technician,single,secondary,no,8432,yes,no,cellular,30,apr,181.0,1,,1,success,no
50,technician,married,tertiary,no,585,no,no,cellular,28,aug,215.0,2,,5,success,no
57,retired,divorced,primary,no,372,no,no,telephone,12,jul,116.0,2,,8,success,no
30,blue-collar,single,tertiary,no,0,yes,no,cellular,12,may,127.0,1,,0,unknown,no
58,services,divorced,primary,no,170,yes,no,telephone,8,may,35.0,2,,1,failure,no
50,management,married,secondary,no,1536,no,no,cellular,12,aug,117.0,3,,0,unknown,no
54,management,married,tertiary,no,2354,yes,no,telephone,6,may,172.0,1,,0,unknown,no
30,blue-collar,single,secondary,no,0,yes,no,telephone,11,may,215.0,3,,0,unknown,no
57,retired,married,tertiary,no,519,no,no,cellular,2,jun,143.0,1,,2,success,no
42,admin.,married,tertiary,no,2144,no,no,cellular,30,apr,327.0,1,,7,failure,yes
50,blue-collar,married,secondary,no,2467,yes,no,cellular,1,jun,194.0,2,,12,other,no
59,management,divorced,tertiary,no,113,no,no,cellular,4,jun,412.0,2,,0,unknown,no
36,blue-collar,single,tertiary,no,3652,no,no,cellular,1,sep,122.0,1,,0,unknown,no
36,blue-collar,single,secondary,no,805,yes,no,unknown,7,sep,173.0,1,,2,success,no
49,blue-collar,single,primary,no,348,no,no,cellular,28,aug,350.0,1,,5,other,yes
36,unemployed,single,tertiary,no,660,no,no,cellular,21,apr,92.0,1,,1,failure,no
38,management,married,tertiary,no,3729,no,no,cellular,5,jun,149.0,3,,4,success,yes
36,entrepreneur,married,tertiary,no,1844,yes,no,cellular,6,may,49.0,5,,8,other,no
37,management,married,tertiary,no,2,no,no,cellular,15,jun,185.0,2,,4,success,no
31,management,single,tertiary,no,1,yes,no,unknown,27,sep,174.0,1,,1,failure,no
25,services,single,secondary,no,1547,yes,no,cellular,20,apr,116.0,1,,1,failure,no
27,management,single,tertiary,no,3663,no,no,unknown,30,mar,11.0,1,,0,unknown,no
57,self-employed,married,secondary,no,340,yes,no,cellular,5,aug,88.0,1,,2,failure,yes
59,management,married,tertiary,no,318,no,no,cellular,22,may,230.0,1,,0,unknown,no
42,services,divorced,secondary,no,5802,yes,no,cellular,15,jun,91.0,1,,4,other,no
41,services,married,primary,no,476,yes,no,cellular,6,may,1495.0,1,,1,failure,yes
30,management,single,tertiary,no,616,no,no,cellular,4,mar,255.0,1,,1,success,yes
29,technician,single,tertiary,no,259,no,no,cellular,16,jun,158.0,1,,1,other,yes
62,management,married,tertiary,no,1285,no,no,telephone,2,nov,301.0,5,,2,success,no
32,services,married,tertiary,no,920,yes,no,cellular,31,aug,223.0,2,,4,other,no
48,management,married,tertiary,no,1188,no,no,cellular,29,sep,119.0,1,,0,unknown,no
35,technician,married,secondary,no,985,yes,no,cellular,4,jun,110.0,1,,3,other,no
38,technician,married,unknown,no,1830,no,no,cellular,27,jan,139.0,2,,7,other,yes
29,technician,single,secondary,no,2,yes,yes,cellular,18,may,833.0,1,,0,unknown,yes
35,technician,married,tertiary,no,525,yes,no,cellular,11,may,272.0,4,,1,other,no
25,management,single,tertiary,no,2823,no,no,cellular,10,aug,105.0,1,,0,unknown,no
49,admin.,married,tertiary,no,1363,no,no,cellular,28,jan,721.0,4,,1,failure,yes
62,blue-collar,married,secondary,no,9329,no,no,cellular,14,jul,105.0,1,,0,unknown,no
79,retired,divorced,primary,no,3904,no,no,telephone,8,sep,295.0,3,,1,success,yes
23,blue-collar,single,secondary,no,2851,yes,yes,cellular,18,may,95.0,1,,1,failure,no
25,admin.,single,secondary,no,0,no,no,cellular,29,apr,205.0,1,,2,other,yes
48,admin.,divorced,secondary,no,25,yes,no,cellular,15,may,31.0,7,,5,failure,no
24,student,single,secondary,no,5969,no,no,cellular,20,apr,271.0,2,,5,other,no
32,admin.,married,secondary,no,654,yes,no,cellular,21,dec,111.0,1,,0,unknown,no
57,management,divorced,tertiary,no,678,no,no,cellular,26,may,69.0,2,,5,failure,no
33,blue-collar,single,secondary,no,632,yes,no,cellular,18,may,99.0,2,,0,unknown,no
33,blue-collar,married,secondary,no,-490,yes,no,cellular,14,may,908.0,2,,2,failure,no
30,technician,married,secondary,no,255,no,no,cellular,25,feb,342.0,2,,1,success,yes
36,admin.,single,secondary,no,13159,yes,no,cellular,14,may,207.0,1,,5,failure,no
35,admin.,married,secondary,no,-163,yes,no,cellular,7,may,457.0,1,,2,failure,yes
27,technician,single,secondary,no,121,no,no,cellular,30,apr,181.0,1,,2,failure,yes
41,blue-collar,married,primary,no,1509,yes,no,cellular,6,may,173.0,1,,0,unknown,no
37,technician,married,secondary,no,-301,no,no,cellular,30,apr,104.0,3,,0,unknown,no
27,technician,single,tertiary,no,7115,no,no,cellular,12,aug,137.0,1,,5,success,no
45,blue-collar,married,secondary,no,-189,yes,no,cellular,15,may,166.0,3,,2,failure,no
37,technician,married,tertiary,no,4366,no,yes,cellular,17,apr,324.0,3,,0,unknown,no
30,management,single,tertiary,no,6105,yes,no,cellular,30,apr,140.0,2,,3,failure,no
39,blue-collar,married,primary,no,92,yes,no,cellular,8,may,279.0,2,,0,unknown,no
35,admin.,married,secondary,no,10,no,no,cellular,27,jan,104.0,1,,1,success,no
56,admin.,divorced,secondary,no,1145,no,no,cellular,16,oct,97.0,1,,1,failure,no
42,management,single,tertiary,no,3910,yes,no,cellular,5,may,843.0,1,,1,failure,yes
56,blue-collar,married,secondary,no,486,no,no,telephone,11,may,52.0,2,,0,unknown,no
44,self-employed,divorced,secondary,no,2926,yes,no,cellular,3,apr,299.0,2,,0,unknown,no
39,admin.,single,secondary,no,0,yes,no,cellular,2,jun,150.0,1,,2,failure,no
34,management,married,tertiary,no,47,no,no,cellular,31,may,347.0,1,,1,success,yes
30,management,married,tertiary,no,943,no,no,cellular,21,apr,935.0,2,,0,unknown,yes
62,retired,married,primary,no,438,no,no,cellular,27,aug,514.0,3,,2,success,no
53,unknown,married,tertiary,no,1415,yes,no,cellular,15,apr,262.0,3,,0,unknown,no
47,blue-collar,married,secondary,no,597,yes,no,cellular,10,sep,110.0,2,,1,other,yes
36,admin.,married,secondary,no,0,yes,no,cellular,9,feb,114.0,1,,0,unknown,no
68,retired,married,secondary,no,8163,no,no,telephone,7,aug,198.0,1,,0,unknown,no
34,technician,single,tertiary,no,1227,yes,no,cellular,3,aug,244.0,2,,1,success,no
31,blue-collar,married,secondary,no,11135,yes,no,cellular,18,may,84.0,1,,0,unknown,no
36,management,married,tertiary,no,1761,yes,yes,cellular,5,jul,190.0,1,,3,success,no
32,technician,single,secondary,no,208,yes,no,cellular,3,jun,263.0,2,,0,unknown,no
34,management,married,tertiary,no,70,yes,no,cellular,9,mar,95.0,1,,3,other,yes
32,management,single,tertiary,no,984,yes,no,cellular,3,jun,421.0,2,,8,failure,no
51,blue-collar,married,primary,no,184,yes,no,cellular,6,may,542.0,1,,0,unknown,no
42,technician,married,tertiary,no,1509,no,no,cellular,27,jan,54.0,1,,9,failure,no
77,retired,divorced,tertiary,no,0,no,no,cellular,14,may,432.0,1,,0,unknown,no
38,management,married,tertiary,no,0,yes,no,cellular,8,may,143.0,1,,0,unknown,no
32,technician,single,secondary,no,1282,yes,no,cellular,14,may,590.0,2,,0,unknown,no
36,technician,married,secondary,no,7,yes,yes,cellular,1,jun,40.0,3,,0,unknown,no
36,blue-collar,married,tertiary,no,189,yes,no,cellular,20,apr,146.0,3,,2,failure,no
36,blue-collar,married,primary,no,49,yes,no,cellular,13,may,366.0,2,,1,failure,no
57,retired,married,secondary,no,951,no,no,cellular,6,sep,297.0,1,,12,success,yes
37,technician,single,tertiary,no,745,yes,no,cellular,20,apr,455.0,2,,2,failure,no
51,admin.,married,primary,no,438,yes,no,telephone,15,may,16.0,6,,0,unknown,no
74,retired,married,primary,no,3082,no,no,telephone,9,sep,876.0,2,,1,failure,yes
28,blue-collar,married,secondary,no,4,yes,no,cellular,20,apr,374.0,2,,2,failure,no
40,management,married,tertiary,no,691,no,no,cellular,19,aug,400.0,1,,0,unknown,yes
26,management,single,tertiary,no,7318,no,no,cellular,10,mar,559.0,1,,1,failure,yes
71,retired,married,secondary,no,454,no,no,cellular,23,sep,206.0,2,,2,success,no
44,services,married,secondary,no,185,no,yes,unknown,8,jun,69.0,1,,1,failure,no
29,blue-collar,married,primary,no,242,yes,no,telephone,13,may,70.0,6,,0,unknown,no
32,blue-collar,married,secondary,no,557,yes,no,cellular,20,apr,700.0,3,,4,failure,no
40,technician,single,tertiary,no,700,no,no,cellular,24,apr,371.0,1,,5,failure,no
53,services,married,secondary,no,417,yes,no,cellular,7,may,69.0,1,,0,unknown,no
32,management,married,tertiary,no,144,yes,no,cellular,17,apr,324.0,1,,0,unknown,no
31,management,married,tertiary,no,602,no,no,cellular,13,oct,126.0,1,,0,unknown,yes
67,unknown,married,unknown,no,4267,no,no,telephone,2,jul,199.0,2,,0,unknown,no
27,blue-collar,single,tertiary,no,1113,no,no,cellular,7,sep,152.0,2,,1,success,no
71,retired,single,secondary,no,2527,no,no,cellular,4,dec,232.0,2,,0,unknown,yes
45,admin.,married,secondary,no,0,no,no,telephone,13,aug,167.0,1,,1,failure,no
34,services,married,secondary,no,245,yes,yes,cellular,20,apr,377.0,2,,1,failure,no
49,admin.,married,secondary,no,221,yes,no,cellular,17,apr,234.0,1,,0,unknown,no
28,management,single,secondary,no,689,no,no,cellular,12,oct,149.0,1,,0,unknown,no
63,management,married,tertiary,no,2223,no,no,telephone,15,jul,209.0,1,,0,unknown,yes
38,technician,single,secondary,no,459,yes,no,cellular,17,apr,772.0,2,,0,unknown,no
50,self-employed,married,secondary,no,4089,no,no,cellular,30,apr,508.0,1,,2,failure,no
67,retired,married,secondary,no,0,no,no,cellular,18,may,222.0,3,,2,failure,no
35,admin.,single,secondary,no,267,yes,no,cellular,7,apr,926.0,1,,1,other,no
25,admin.,single,secondary,no,1270,no,no,cellular,4,sep,153.0,1,,0,unknown,no
34,admin.,single,tertiary,no,135,no,no,cellular,22,may,168.0,2,,0,unknown,no
31,management,single,tertiary,no,430,yes,no,cellular,13,apr,272.0,1,,0,unknown,no
44,blue-collar,single,primary,no,10,yes,no,cellular,15,may,40.0,2,,0,unknown,no
28,blue-collar,single,secondary,no,398,yes,no,cellular,18,may,380.0,1,,3,other,no
42,blue-collar,married,secondary,no,360,no,yes,unknown,12,aug,100.0,1,,0,unknown,no
33,entrepreneur,single,tertiary,no,606,no,no,cellular,29,oct,800.0,1,,2,other,yes
38,services,married,secondary,no,25,yes,no,telephone,27,apr,409.0,1,,2,failure,yes
37,housemaid,single,secondary,no,293,yes,no,telephone,5,may,151.0,2,,4,failure,no
38,blue-collar,married,secondary,no,1671,yes,no,cellular,4,may,551.0,1,,1,failure,no
35,blue-collar,married,secondary,no,417,yes,no,cellular,3,feb,259.0,1,,1,failure,no
56,management,divorced,primary,no,8011,yes,no,cellular,3,apr,83.0,1,,1,failure,no
55,self-employed,married,secondary,no,1087,no,no,cellular,29,apr,1314.0,1,,3,failure,yes
55,technician,divorced,secondary,no,219,no,no,cellular,4,may,269.0,8,,2,failure,no
43,services,married,secondary,no,2374,yes,no,telephone,16,sep,200.0,4,,1,success,yes
34,admin.,married,secondary,no,459,yes,no,cellular,20,apr,463.0,3,,0,unknown,no
49,management,divorced,tertiary,no,476,yes,no,cellular,26,apr,317.0,3,,9,other,yes
51,management,single,tertiary,no,316,no,no,cellular,6,mar,446.0,2,,2,other,no
54,admin.,married,secondary,no,122,no,no,cellular,12,mar,297.0,1,,0,unknown,no
36,management,single,tertiary,no,8023,no,no,cellular,4,jun,93.0,1,,1,success,no
48,blue-collar,married,primary,no,-800,yes,no,cellular,15,may,150.0,2,,2,failure,no
28,entrepreneur,married,tertiary,no,1074,yes,no,cellular,20,apr,54.0,1,,5,other,no
57,management,married,secondary,no,952,no,no,cellular,28,may,104.0,1,,0,unknown,no
54,management,divorced,tertiary,no,81,no,no,cellular,27,may,595.0,1,,1,success,no
42,admin.,divorced,secondary,no,506,yes,yes,cellular,12,may,52.0,2,,2,other,no
25,admin.,single,unknown,no,352,yes,no,cellular,15,jun,207.0,4,,0,unknown,yes
29,admin.,single,secondary,no,342,yes,yes,cellular,18,may,105.0,1,,0,unknown,no
35,admin.,divorced,secondary,no,-206,yes,no,cellular,6,may,355.0,1,,7,failure,no
39,technician,married,tertiary,no,3765,yes,no,cellular,5,sep,855.0,1,,0,unknown,yes
25,blue-collar,single,primary,no,448,yes,no,cellular,15,may,106.0,2,,0,unknown,no
28,management,single,tertiary,no,848,no,no,unknown,30,mar,222.0,1,,0,unknown,yes
48,services,married,unknown,no,3458,yes,no,cellular,8,may,202.0,3,,0,unknown,no
57,retired,divorced,secondary,no,2440,yes,no,cellular,12,may,113.0,2,,4,other,no
35,admin.,married,tertiary,no,254,no,no,cellular,25,may,256.0,1,,0,unknown,no
49,management,divorced,tertiary,no,-130,no,no,cellular,6,jul,98.0,3,,3,failure,no
30,technician,single,secondary,no,35,no,no,cellular,7,aug,147.0,1,,2,failure,yes
34,management,single,tertiary,no,2222,no,no,cellular,20,aug,269.0,1,,9,other,no
30,unemployed,single,primary,no,2016,no,no,cellular,23,apr,449.0,1,,1,failure,yes
49,blue-collar,married,secondary,no,384,no,no,cellular,14,may,499.0,1,,0,unknown,no
33,technician,married,tertiary,no,1544,yes,no,telephone,3,nov,43.0,2,,3,success,yes
30,services,single,secondary,no,278,no,no,cellular,24,apr,142.0,2,,1,failure,no
60,housemaid,married,secondary,no,630,no,no,cellular,8,feb,89.0,1,,2,failure,no
35,blue-collar,single,tertiary,no,2171,no,no,cellular,26,may,200.0,1,,0,unknown,no
31,services,married,secondary,no,1641,yes,no,telephone,2,mar,472.0,2,,0,unknown,no
34,self-employed,married,tertiary,no,341,no,no,cellular,8,feb,296.0,3,,3,other,yes
44,blue-collar,single,secondary,no,816,yes,no,cellular,13,may,68.0,3,,0,unknown,no
48,technician,married,tertiary,no,901,yes,no,cellular,6,may,146.0,3,,0,unknown,no
27,admin.,married,secondary,no,614,yes,no,cellular,13,apr,408.0,2,,2,failure,no
49,services,married,secondary,no,1153,yes,no,cellular,20,apr,178.0,1,,0,unknown,no
42,technician,married,unknown,no,7585,yes,no,cellular,9,jul,123.0,3,,3,success,no
60,admin.,married,secondary,no,426,no,no,cellular,3,mar,263.0,3,,0,unknown,yes
30,management,married,tertiary,no,414,yes,no,cellular,15,apr,89.0,2,,2,failure,no
37,management,married,tertiary,no,577,yes,no,cellular,29,apr,1011.0,1,,1,failure,no
53,admin.,single,secondary,no,2976,yes,no,cellular,27,may,102.0,2,,0,unknown,no
32,management,single,tertiary,no,476,yes,no,cellular,7,may,157.0,1,,1,other,no
37,management,married,tertiary,no,1817,no,no,cellular,30,nov,421.0,2,,1,success,yes
34,management,married,tertiary,no,593,yes,yes,cellular,13,apr,390.0,1,,0,unknown,no
30,blue-collar,single,secondary,no,4,yes,yes,cellular,18,may,63.0,2,,0,unknown,no
49,entrepreneur,divorced,secondary,no,2273,no,no,cellular,22,may,189.0,2,,6,success,no
45,technician,married,secondary,no,195,yes,no,cellular,4,may,35.0,2,,3,success,no
27,management,single,tertiary,no,2891,yes,no,cellular,18,may,176.0,1,,0,unknown,no
72,retired,married,tertiary,no,0,no,no,cellular,26,jan,371.0,1,,3,success,yes
42,admin.,married,secondary,no,0,yes,no,cellular,6,may,235.0,1,,0,unknown,no
52,unemployed,divorced,secondary,no,780,no,no,cellular,12,may,399.0,1,,0,unknown,no
43,admin.,married,secondary,no,205,yes,no,cellular,5,may,55.0,1,,26,other,no
54,technician,single,tertiary,no,406,no,no,cellular,25,feb,112.0,8,,0,unknown,no
45,self-employed,married,tertiary,no,1541,no,no,cellular,12,jul,319.0,1,,1,other,no
39,technician,divorced,primary,no,4057,yes,no,cellular,13,oct,215.0,1,,2,failure,no
37,blue-collar,divorced,secondary,no,-1112,yes,no,cellular,12,may,176.0,2,,4,failure,no
45,technician,married,primary,no,1069,yes,no,cellular,18,may,119.0,2,,2,failure,no
28,student,single,secondary,no,259,yes,no,cellular,12,may,384.0,1,,0,unknown,no
26,student,single,tertiary,no,147,no,no,cellular,17,mar,208.0,2,,1,failure,yes
44,management,single,tertiary,no,190,yes,no,cellular,17,apr,16.0,3,,1,failure,no
31,admin.,single,secondary,no,52,yes,no,cellular,5,apr,135.0,1,,2,failure,no
34,admin.,single,secondary,no,1854,yes,no,cellular,20,apr,351.0,3,,0,unknown,no
30,blue-collar,married,primary,no,1029,yes,no,cellular,17,apr,541.0,3,,7,failure,no
36,services,married,secondary,no,4279,yes,no,cellular,13,may,192.0,1,,16,other,no
39,blue-collar,married,secondary,no,283,yes,no,cellular,7,may,151.0,2,,8,failure,no
28,services,single,secondary,no,2483,no,no,cellular,23,apr,463.0,1,,3,failure,yes
30,services,married,secondary,no,1844,yes,no,cellular,14,may,78.0,5,,0,unknown,no
44,technician,married,tertiary,no,4156,yes,no,telephone,25,nov,112.0,2,,2,failure,no
32,blue-collar,divorced,secondary,no,419,yes,no,cellular,17,apr,219.0,1,,0,unknown,no
33,admin.,married,secondary,no,1737,no,no,cellular,13,aug,137.0,1,,0,unknown,no
31,blue-collar,married,secondary,no,13255,no,no,telephone,20,apr,78.0,2,,1,other,no
49,self-employed,married,secondary,no,1527,yes,no,cellular,30,apr,103.0,1,,1,failure,no
60,admin.,married,primary,no,217,no,no,cellular,12,may,165.0,1,,1,failure,no
61,housemaid,married,primary,no,780,no,no,cellular,15,sep,705.0,1,,1,failure,no
26,technician,single,secondary,no,411,no,no,cellular,15,may,314.0,2,,4,other,no
30,management,single,tertiary,no,2081,no,no,cellular,29,jan,344.0,5,,2,failure,yes
45,blue-collar,married,secondary,no,151,yes,no,cellular,15,may,134.0,3,,0,unknown,no
23,student,single,tertiary,no,0,no,no,cellular,30,jun,154.0,1,,2,success,no
28,management,single,tertiary,no,578,yes,no,cellular,20,apr,302.0,3,,2,failure,no
54,housemaid,married,primary,no,0,no,no,cellular,27,may,214.0,2,,0,unknown,no
45,technician,married,primary,no,2843,no,no,cellular,9,dec,221.0,3,,2,failure,yes
37,unknown,married,tertiary,no,9166,no,no,cellular,15,feb,241.0,1,,5,success,yes
32,technician,single,tertiary,no,1847,yes,no,cellular,2,nov,176.0,1,,0,unknown,no
33,management,single,tertiary,no,0,yes,no,cellular,11,may,209.0,2,,1,failure,no
60,admin.,married,secondary,no,199,no,no,cellular,21,aug,154.0,2,,0,unknown,no
46,admin.,married,secondary,no,1088,yes,no,cellular,15,may,397.0,1,,0,unknown,no
48,services,divorced,secondary,no,1299,yes,no,cellular,11,may,488.0,1,,2,failure,no
34,self-employed,married,secondary,no,461,no,no,cellular,27,aug,394.0,1,,1,failure,no
57,technician,married,secondary,no,0,no,no,cellular,25,aug,204.0,1,,0,unknown,no
66,retired,married,primary,no,876,no,no,cellular,17,mar,134.0,3,,4,failure,yes
38,management,single,tertiary,no,0,yes,no,cellular,4,jun,114.0,1,,16,other,no
31,management,single,tertiary,no,0,yes,no,cellular,12,may,217.0,1,,0,unknown,no
34,admin.,married,secondary,no,8018,no,no,cellular,22,may,582.0,1,,0,unknown,no
53,management,married,tertiary,no,-217,yes,no,cellular,13,apr,181.0,2,,1,failure,no
43,services,married,secondary,no,8557,yes,no,cellular,13,may,174.0,1,,0,unknown,no
41,blue-collar,married,primary,no,876,yes,no,cellular,13,may,1434.0,2,,0,unknown,no
58,technician,married,secondary,no,1643,no,no,cellular,4,may,388.0,4,,7,other,yes
40,unemployed,single,secondary,no,968,no,no,telephone,30,apr,415.0,1,,2,failure,yes
38,management,single,tertiary,no,0,no,no,unknown,13,oct,75.0,1,,0,unknown,yes
42,admin.,single,secondary,no,6253,no,no,cellular,18,oct,169.0,3,,0,unknown,yes
54,blue-collar,divorced,primary,no,484,yes,no,cellular,14,apr,99.0,1,,3,failure,no
47,unemployed,divorced,secondary,no,242,no,no,telephone,4,may,494.0,3,,0,unknown,no
29,management,single,tertiary,no,1712,no,no,cellular,30,apr,118.0,1,,9,failure,yes
70,retired,married,unknown,no,434,no,no,cellular,16,sep,232.0,1,,1,success,no
57,housemaid,married,primary,no,1080,no,no,cellular,13,sep,183.0,4,,1,failure,no
41,blue-collar,married,primary,no,210,yes,no,cellular,13,may,7.0,4,,0,unknown,no
39,admin.,married,secondary,no,3948,yes,no,cellular,2,apr,335.0,1,,0,unknown,no
30,technician,married,secondary,no,4623,yes,no,cellular,14,may,239.0,2,,2,other,no
29,technician,married,secondary,no,144,yes,yes,cellular,25,jun,77.0,2,,0,unknown,no
50,technician,divorced,tertiary,no,446,no,no,cellular,15,jun,498.0,2,,4,failure,yes
50,blue-collar,married,secondary,no,897,yes,no,telephone,8,apr,197.0,3,,2,failure,no
26,management,single,tertiary,no,377,no,no,unknown,30,mar,302.0,1,,1,failure,yes
41,management,married,tertiary,no,631,yes,no,cellular,18,may,344.0,5,,1,failure,no
42,blue-collar,married,primary,no,333,yes,no,telephone,13,may,539.0,4,,10,failure,no
72,retired,married,secondary,no,121,no,no,telephone,19,feb,153.0,3,,2,success,no
38,technician,married,secondary,no,151,yes,no,cellular,18,may,67.0,3,,1,failure,no
28,blue-collar,married,primary,no,357,yes,no,cellular,15,may,16.0,2,,2,failure,no
25,management,single,tertiary,no,293,yes,no,cellular,5,jun,457.0,1,,3,failure,yes
35,technician,married,secondary,no,2748,yes,no,telephone,14,nov,245.0,1,,1,success,yes
35,management,single,tertiary,no,482,no,no,cellular,26,may,177.0,1,,17,other,no
28,student,single,tertiary,no,1373,no,no,cellular,14,oct,370.0,1,,1,other,yes
28,management,married,tertiary,no,2017,no,no,cellular,30,apr,208.0,4,,3,failure,yes
25,blue-collar,single,secondary,no,46,yes,no,cellular,18,may,255.0,3,,2,failure,no
29,blue-collar,single,primary,no,2264,yes,no,cellular,16,apr,42.0,1,,0,unknown,no
78,retired,married,primary,no,0,no,no,cellular,9,sep,388.0,1,,0,unknown,yes
34,admin.,single,secondary,no,666,no,no,cellular,23,feb,69.0,1,,0,unknown,no
34,admin.,married,secondary,no,808,yes,no,telephone,30,apr,384.0,5,,3,success,yes
28,technician,single,tertiary,no,1473,yes,no,cellular,6,apr,1063.0,1,,2,failure,yes
34,self-employed,married,tertiary,no,523,yes,no,cellular,30,apr,198.0,1,,2,success,no
25,student,single,tertiary,no,466,yes,no,cellular,15,may,250.0,3,,0,unknown,no
28,blue-collar,married,secondary,no,1199,yes,no,cellular,17,apr,90.0,1,,0,unknown,no
36,self-employed,single,tertiary,no,608,yes,no,cellular,3,nov,116.0,1,,8,other,yes
27,blue-collar,single,secondary,no,278,no,no,cellular,22,may,1086.0,1,,5,failure,yes
48,blue-collar,married,primary,no,258,yes,no,cellular,15,may,167.0,1,,1,failure,no
30,services,married,tertiary,no,306,yes,no,cellular,8,may,50.0,1,,1,failure,no
65,unknown,married,unknown,no,3489,no,no,cellular,22,apr,473.0,1,,0,unknown,no
49,services,married,secondary,no,787,yes,no,cellular,17,apr,639.0,2,,0,unknown,no
36,management,single,tertiary,no,2590,no,no,telephone,9,feb,113.0,2,,1,other,no
25,student,single,unknown,no,2786,no,no,cellular,11,oct,414.0,4,,2,failure,yes
25,student,single,secondary,no,104,no,no,cellular,9,aug,106.0,3,,0,unknown,no
50,management,married,tertiary,no,3646,no,no,cellular,7,may,325.0,2,,1,failure,yes
63,retired,married,primary,no,261,no,no,cellular,16,sep,318.0,3,,0,unknown,no
38,admin.,married,secondary,no,110,no,no,cellular,30,apr,145.0,1,,2,other,yes
38,technician,married,tertiary,no,5958,yes,no,cellular,25,sep,304.0,1,,9,failure,yes
45,blue-collar,divorced,secondary,no,0,no,no,cellular,5,apr,661.0,1,,0,unknown,yes
38,entrepreneur,married,primary,no,247,yes,no,cellular,15,may,184.0,1,,1,success,no
51,blue-collar,married,primary,no,-121,yes,no,cellular,1,apr,257.0,3,,0,unknown,no
31,management,single,secondary,no,313,no,yes,cellular,1,jun,182.0,2,,0,unknown,yes
29,services,single,secondary,no,574,yes,no,cellular,12,may,189.0,1,,0,unknown,no
43,self-employed,married,secondary,no,1077,no,no,cellular,26,feb,102.0,1,,4,failure,no
31,technician,single,unknown,no,308,no,no,cellular,30,apr,423.0,1,,1,failure,no
55,technician,single,tertiary,no,382,no,no,cellular,9,aug,89.0,1,,3,other,no
34,technician,single,tertiary,no,457,no,no,cellular,26,apr,174.0,1,,4,failure,no
47,management,married,tertiary,no,12476,yes,no,cellular,18,may,150.0,2,,1,other,no
30,technician,married,secondary,no,147,no,no,cellular,8,may,235.0,2,,0,unknown,no
38,housemaid,married,primary,no,995,no,no,cellular,15,jan,401.0,1,,5,success,no
69,management,married,tertiary,no,202,yes,no,cellular,28,jan,387.0,3,,0,unknown,yes
49,management,divorced,tertiary,no,1545,no,no,cellular,18,aug,200.0,1,,0,unknown,no
32,technician,married,secondary,no,144,yes,no,cellular,7,may,133.0,1,,0,unknown,no
30,blue-collar,single,primary,no,252,yes,no,cellular,18,may,63.0,1,,2,failure,no
34,technician,married,secondary,no,100,no,no,cellular,4,may,106.0,1,,7,other,no
39,blue-collar,married,secondary,no,-317,yes,no,cellular,20,apr,20.0,6,,0,unknown,no
31,services,divorced,secondary,no,50,yes,no,cellular,21,aug,144.0,3,,2,success,yes
26,student,single,secondary,no,386,no,no,cellular,26,may,383.0,2,,3,failure,yes
57,entrepreneur,married,secondary,no,507,yes,no,cellular,20,apr,378.0,1,,3,success,no
46,services,divorced,primary,no,1543,yes,no,cellular,15,may,203.0,1,,0,unknown,no
48,technician,married,tertiary,no,1052,no,no,cellular,26,may,287.0,1,,1,success,yes
78,retired,married,unknown,no,1188,no,no,cellular,11,oct,723.0,1,,0,unknown,yes
53,housemaid,divorced,primary,no,407,yes,no,cellular,20,apr,81.0,5,,0,unknown,no
30,management,married,tertiary,no,5159,no,no,cellular,15,feb,544.0,3,,0,unknown,yes
25,student,single,tertiary,no,3781,no,no,cellular,15,apr,242.0,1,,1,failure,no
46,admin.,divorced,secondary,no,-133,yes,no,cellular,15,may,134.0,1,,0,unknown,no
37,self-employed,married,tertiary,no,457,yes,no,cellular,29,oct,152.0,5,,1,failure,no
50,self-employed,married,secondary,no,361,no,no,telephone,7,aug,196.0,2,,0,unknown,no
32,blue-collar,single,primary,no,542,yes,no,cellular,13,may,182.0,2,,7,failure,no
28,management,single,secondary,no,345,no,no,cellular,2,sep,95.0,1,,0,unknown,no
40,unemployed,married,tertiary,no,226,yes,no,cellular,15,jan,234.0,1,,1,failure,yes
31,unemployed,single,secondary,no,1047,no,no,cellular,5,jun,151.0,1,,0,unknown,no
46,management,divorced,tertiary,no,558,yes,no,cellular,2,aug,253.0,1,,1,failure,yes
55,self-employed,married,tertiary,no,-473,yes,no,cellular,5,may,199.0,1,,0,unknown,no
69,retired,married,secondary,no,1093,no,no,cellular,9,dec,148.0,1,,0,unknown,yes
46,blue-collar,single,primary,no,292,yes,no,telephone,18,may,92.0,3,,2,failure,no
29,technician,single,secondary,no,83,yes,no,cellular,5,apr,94.0,1,,0,unknown,no
60,management,married,tertiary,no,154,no,no,cellular,1,apr,339.0,1,,2,failure,no
31,admin.,single,secondary,no,610,no,no,cellular,10,sep,165.0,2,,2,success,no
25,admin.,single,secondary,no,130,yes,no,cellular,4,may,179.0,2,,0,unknown,no
30,technician,single,secondary,no,3090,no,no,cellular,7,jul,110.0,1,,0,unknown,no
34,technician,divorced,tertiary,no,0,no,no,cellular,30,jun,211.0,1,,1,other,yes
39,management,single,tertiary,no,0,no,no,telephone,27,may,209.0,1,,2,failure,no
33,services,divorced,primary,no,319,yes,no,cellular,13,may,445.0,2,,0,unknown,no
58,blue-collar,married,secondary,no,1080,yes,no,cellular,8,may,399.0,2,,1,failure,no
27,management,single,tertiary,no,2645,no,no,cellular,14,may,465.0,1,,0,unknown,yes
44,blue-collar,married,secondary,no,429,yes,no,cellular,6,apr,164.0,1,,0,unknown,no
60,retired,married,secondary,no,828,yes,no,cellular,7,jul,342.0,1,,0,unknown,no
60,management,married,secondary,no,2991,no,no,cellular,28,jun,266.0,1,,5,other,yes
29,services,married,secondary,no,1277,no,no,cellular,30,apr,274.0,1,,0,unknown,yes
46,entrepreneur,married,tertiary,no,5802,yes,no,cellular,17,nov,279.0,2,,0,unknown,no
29,student,single,secondary,no,1723,no,yes,cellular,16,aug,92.0,1,,0,unknown,no
54,management,divorced,tertiary,no,174,yes,no,cellular,13,may,245.0,2,,0,unknown,no
48,blue-collar,married,secondary,no,557,yes,no,cellular,3,jun,369.0,3,,2,success,yes
57,housemaid,married,primary,no,93,no,no,cellular,3,dec,24.0,2,,0,unknown,no
41,management,single,tertiary,no,479,no,no,cellular,30,apr,620.0,1,,0,unknown,yes
38,management,married,tertiary,no,1616,no,no,cellular,15,jun,83.0,2,,3,success,no
26,unemployed,single,tertiary,no,1323,no,no,cellular,6,oct,598.0,1,,0,unknown,no
49,services,divorced,secondary,no,-190,yes,no,cellular,14,may,282.0,1,,3,failure,no
38,blue-collar,divorced,unknown,no,1228,no,no,cellular,8,jul,460.0,2,,5,other,yes
26,self-employed,single,tertiary,no,1476,no,no,cellular,4,may,234.0,1,,1,success,no
30,blue-collar,married,secondary,no,484,yes,no,cellular,13,may,239.0,4,,0,unknown,no
47,blue-collar,married,secondary,no,2299,yes,no,cellular,18,may,130.0,1,,0,unknown,no
75,retired,married,primary,no,2843,no,no,cellular,17,mar,112.0,2,,11,success,yes
31,unemployed,married,secondary,no,474,yes,no,cellular,20,apr,109.0,1,,1,failure,no
36,services,divorced,secondary,no,142,yes,no,cellular,12,may,195.0,1,,3,failure,no
43,technician,divorced,tertiary,no,1599,yes,no,cellular,26,may,1234.0,1,,2,success,yes
35,management,single,tertiary,no,197,no,no,cellular,14,aug,99.0,1,,7,success,no
28,student,single,secondary,no,20,no,no,telephone,30,apr,390.0,1,,0,unknown,yes
26,student,single,tertiary,no,1536,no,no,cellular,1,jun,240.0,2,,3,failure,no
26,management,single,tertiary,no,85,no,no,cellular,9,mar,181.0,1,,0,unknown,no
30,management,married,tertiary,no,966,no,no,cellular,4,jun,173.0,1,,1,other,no
37,management,single,tertiary,no,6754,yes,no,cellular,18,may,478.0,2,,6,failure,no
36,student,single,unknown,no,383,no,no,telephone,19,oct,602.0,2,,0,unknown,no
55,blue-collar,divorced,primary,no,2242,yes,no,cellular,12,may,166.0,3,,3,failure,no
38,self-employed,married,secondary,no,1162,yes,no,cellular,18,may,296.0,1,,0,unknown,no
48,services,divorced,primary,no,101,yes,no,cellular,17,apr,1126.0,1,,5,failure,no
54,blue-collar,married,primary,no,1179,yes,no,cellular,11,may,279.0,1,,2,failure,no
44,blue-collar,single,secondary,no,493,yes,no,cellular,13,may,96.0,1,,0,unknown,no
30,blue-collar,married,secondary,no,519,yes,yes,cellular,14,may,83.0,1,,1,other,no
39,services,married,secondary,no,501,yes,no,cellular,28,may,164.0,1,,3,failure,no
51,technician,married,tertiary,no,1041,no,no,cellular,6,apr,139.0,3,,2,failure,no
45,blue-collar,married,secondary,no,2623,yes,no,cellular,29,jun,135.0,1,,1,success,no
34,self-employed,single,secondary,no,879,yes,no,cellular,3,apr,218.0,1,,1,failure,no
21,student,single,primary,no,1441,no,no,cellular,14,aug,313.0,1,,0,unknown,yes
27,admin.,single,secondary,no,8193,no,no,cellular,12,oct,159.0,1,,0,unknown,no
27,management,single,tertiary,no,178,no,no,cellular,16,nov,470.0,1,,1,failure,yes
37,blue-collar,married,primary,no,442,yes,no,cellular,17,apr,294.0,1,,1,failure,no
29,admin.,single,tertiary,no,1350,yes,no,cellular,5,may,291.0,2,,2,other,no
28,technician,single,tertiary,no,205,no,no,cellular,2,jun,212.0,2,,4,other,yes
50,blue-collar,married,primary,no,1222,yes,no,cellular,16,apr,95.0,1,,0,unknown,no
47,technician,married,secondary,no,351,no,no,telephone,13,aug,234.0,3,,1,failure,yes
46,technician,divorced,secondary,no,0,yes,no,cellular,10,jun,217.0,1,,4,failure,no
66,retired,married,primary,no,196,no,no,cellular,11,aug,113.0,1,,9,success,no
60,management,married,tertiary,no,6706,yes,no,cellular,13,aug,133.0,4,,0,unknown,no
44,unemployed,divorced,secondary,no,524,no,no,cellular,30,apr,235.0,1,,0,unknown,yes
63,retired,married,primary,no,839,yes,no,cellular,17,apr,112.0,4,,2,failure,no
26,student,married,tertiary,no,493,no,no,cellular,1,jun,455.0,1,,0,unknown,yes
25,admin.,single,secondary,no,1825,no,no,cellular,10,dec,112.0,1,,0,unknown,no
40,admin.,single,secondary,no,1435,yes,no,cellular,13,apr,223.0,1,,0,unknown,no
32,management,single,tertiary,no,6445,yes,no,cellular,20,apr,60.0,1,,0,unknown,no
31,management,single,tertiary,no,1925,no,no,cellular,16,apr,1462.0,1,,2,failure,no
40,technician,single,secondary,no,61,yes,no,telephone,4,may,146.0,4,,1,failure,no
56,admin.,divorced,secondary,no,1374,yes,no,cellular,8,jun,363.0,2,,7,success,yes
23,services,single,secondary,no,2093,no,no,cellular,23,apr,862.0,4,,2,failure,yes
59,blue-collar,married,primary,no,5643,no,no,telephone,22,apr,184.0,1,,1,failure,no
37,management,married,tertiary,no,882,no,no,cellular,1,sep,429.0,1,,8,success,yes
44,blue-collar,married,primary,no,1090,yes,no,cellular,15,may,81.0,4,,2,other,no
29,management,married,tertiary,no,234,no,no,cellular,31,aug,275.0,1,,0,unknown,yes
76,retired,divorced,secondary,no,175,no,no,telephone,8,nov,176.0,3,,1,success,no
20,student,single,secondary,no,276,no,no,cellular,5,aug,89.0,2,,3,failure,no
49,self-employed,single,tertiary,no,139,no,no,cellular,23,jul,826.0,2,,6,success,yes
57,retired,married,primary,no,4630,no,no,cellular,23,oct,253.0,2,,1,other,no
30,admin.,single,secondary,no,491,no,yes,cellular,2,jun,111.0,2,,2,success,no
29,technician,married,secondary,no,212,no,no,cellular,9,mar,456.0,2,,0,unknown,yes
35,admin.,single,tertiary,no,1,yes,no,cellular,18,may,9.0,5,,1,success,no
52,technician,married,tertiary,no,883,no,no,cellular,28,jan,461.0,2,,7,other,yes
23,admin.,single,primary,no,35,no,no,cellular,18,may,262.0,2,,0,unknown,no
23,blue-collar,single,primary,no,14,yes,no,cellular,11,may,282.0,4,,0,unknown,no
54,services,married,secondary,no,1442,no,no,cellular,2,jun,89.0,2,,0,unknown,no
51,management,married,tertiary,no,1358,no,no,cellular,4,may,175.0,2,,0,unknown,no
34,admin.,single,secondary,no,723,no,no,telephone,1,jun,192.0,1,,1,failure,no
55,management,married,primary,no,121,no,no,telephone,9,dec,390.0,2,,1,success,yes
32,technician,married,secondary,no,0,yes,no,cellular,20,apr,133.0,1,,1,success,no
36,management,divorced,tertiary,no,1057,no,no,cellular,12,jun,207.0,2,,12,other,yes
33,admin.,married,tertiary,no,150,no,no,cellular,5,may,358.0,2,,12,other,no
25,services,single,secondary,no,879,no,no,cellular,5,jan,197.0,3,,0,unknown,no
72,retired,married,secondary,no,9106,no,no,telephone,12,nov,79.0,3,,0,unknown,no
78,retired,married,primary,no,32,no,no,telephone,12,sep,278.0,1,,0,unknown,no
29,management,single,tertiary,no,1686,yes,no,cellular,14,may,189.0,2,,2,failure,no
40,blue-collar,single,primary,no,171,yes,no,cellular,14,may,574.0,1,,0,unknown,yes
31,management,single,tertiary,no,655,yes,yes,cellular,20,apr,109.0,2,,0,unknown,no
27,management,single,tertiary,no,1228,no,no,telephone,9,nov,110.0,2,,4,success,no
25,management,single,tertiary,no,19,no,no,cellular,1,aug,158.0,1,,0,unknown,no
29,unemployed,single,secondary,no,8,no,no,cellular,28,jul,120.0,2,,0,unknown,no
55,blue-collar,married,primary,no,2364,no,no,telephone,23,mar,70.0,5,,0,unknown,no
43,blue-collar,married,secondary,no,1147,yes,no,cellular,20,apr,158.0,1,,1,failure,no
33,student,single,tertiary,no,877,no,no,cellular,13,aug,683.0,1,,3,failure,no
34,admin.,married,secondary,no,198,yes,no,cellular,15,may,763.0,1,,1,failure,yes
34,admin.,married,secondary,no,394,yes,no,cellular,22,apr,303.0,2,,0,unknown,no
41,technician,married,secondary,no,0,no,no,cellular,1,oct,576.0,1,,3,failure,yes
29,self-employed,single,tertiary,no,395,no,no,cellular,25,may,152.0,2,,0,unknown,no
45,management,single,tertiary,no,0,yes,no,cellular,8,may,181.0,2,,2,failure,no
24,blue-collar,single,secondary,no,0,yes,no,cellular,20,apr,113.0,2,,0,unknown,no
35,admin.,married,tertiary,no,215,yes,no,cellular,12,may,145.0,2,,1,failure,no
34,management,single,tertiary,no,458,yes,no,cellular,16,apr,306.0,3,,0,unknown,no
30,admin.,married,secondary,no,4,yes,no,cellular,13,apr,126.0,1,,0,unknown,no
35,services,married,secondary,no,1105,yes,no,cellular,14,apr,424.0,1,,0,unknown,no
30,management,single,tertiary,no,4623,yes,no,cellular,15,sep,85.0,2,,3,success,no
31,technician,single,tertiary,no,3776,yes,no,cellular,27,may,477.0,2,,8,other,no
52,services,divorced,secondary,no,680,yes,no,cellular,14,may,188.0,1,,0,unknown,no
33,management,single,tertiary,no,0,no,no,cellular,20,apr,321.0,1,,6,failure,yes
25,admin.,single,tertiary,no,372,yes,no,cellular,7,aug,160.0,1,,0,unknown,no
40,management,married,tertiary,no,1144,no,no,cellular,18,aug,212.0,3,,0,unknown,no
42,admin.,single,secondary,no,-5,yes,no,cellular,7,apr,95.0,2,,0,unknown,no
48,technician,single,secondary,no,-648,yes,no,cellular,12,may,199.0,2,,0,unknown,no
31,admin.,single,tertiary,no,593,yes,no,cellular,18,may,135.0,2,,2,failure,no
47,admin.,divorced,secondary,no,92,yes,no,cellular,8,may,67.0,1,,0,unknown,no
35,self-employed,single,secondary,no,484,yes,no,cellular,14,aug,252.0,1,,5,success,yes
33,technician,married,secondary,no,733,no,no,cellular,16,jun,163.0,1,,1,other,no
38,management,single,tertiary,no,3672,yes,no,cellular,14,may,522.0,2,,1,failure,yes
40,blue-collar,married,primary,no,442,yes,no,cellular,17,apr,464.0,1,,1,failure,no
28,technician,single,secondary,no,381,no,no,cellular,11,may,119.0,1,,2,failure,no
46,blue-collar,married,secondary,no,14,yes,no,cellular,7,may,429.0,1,,0,unknown,no
35,blue-collar,single,secondary,no,580,yes,no,unknown,22,nov,36.0,1,,6,other,no
31,management,single,tertiary,no,784,yes,no,cellular,8,apr,143.0,1,,2,failure,no
35,admin.,married,secondary,no,2996,yes,no,cellular,2,sep,351.0,2,,2,failure,yes
51,admin.,divorced,secondary,no,2389,no,no,cellular,30,apr,122.0,1,,1,failure,no
46,blue-collar,divorced,primary,no,6475,yes,no,telephone,13,may,75.0,2,,0,unknown,no
48,blue-collar,married,primary,no,128,yes,no,cellular,13,may,313.0,1,,0,unknown,no
51,admin.,married,secondary,no,0,yes,no,cellular,7,sep,288.0,1,,3,other,yes
61,admin.,single,unknown,no,598,no,no,cellular,9,mar,135.0,1,,0,unknown,yes
26,services,single,secondary,no,44,yes,no,cellular,14,may,701.0,1,,2,failure,yes
33,admin.,married,secondary,no,23,yes,no,cellular,8,jun,124.0,1,,1,success,no
55,admin.,married,secondary,no,8304,no,no,cellular,26,oct,252.0,1,,1,success,no
44,blue-collar,married,secondary,no,216,yes,no,cellular,16,apr,53.0,1,,29,other,no
53,housemaid,married,secondary,no,1194,no,no,cellular,28,jan,360.0,1,,1,success,yes
32,blue-collar,divorced,secondary,no,882,yes,no,cellular,9,apr,161.0,1,,1,failure,no
33,services,married,secondary,no,1096,yes,no,cellular,5,may,105.0,1,,3,failure,no
41,admin.,single,secondary,no,126,no,no,telephone,5,jun,215.0,1,,0,unknown,yes
29,technician,single,secondary,no,2971,no,no,cellular,13,nov,261.0,2,,1,other,yes
28,admin.,divorced,secondary,no,536,yes,no,cellular,13,may,12.0,5,,0,unknown,no
52,services,divorced,secondary,no,3145,yes,no,cellular,12,may,414.0,3,,2,other,no
34,management,single,tertiary,no,721,yes,no,cellular,14,may,81.0,2,,0,unknown,no
28,management,single,secondary,no,2384,yes,no,cellular,18,may,116.0,3,,0,unknown,no
33,blue-collar,single,primary,no,-135,yes,yes,cellular,18,may,704.0,1,,1,failure,yes
28,blue-collar,married,primary,no,220,yes,no,cellular,14,may,24.0,3,,0,unknown,no
55,admin.,married,secondary,no,27139,yes,no,cellular,14,may,460.0,1,,0,unknown,no
21,technician,single,secondary,no,128,no,no,cellular,4,may,143.0,4,,0,unknown,no
53,technician,married,secondary,no,2272,yes,no,cellular,4,sep,271.0,2,,2,failure,yes
26,management,single,tertiary,no,1189,no,no,cellular,21,dec,578.0,1,,1,success,yes
78,retired,divorced,primary,no,176,no,no,telephone,22,dec,211.0,8,,5,failure,yes
45,blue-collar,married,secondary,no,24,yes,no,cellular,4,may,316.0,2,,0,unknown,no
56,technician,married,secondary,no,184,yes,no,cellular,20,apr,388.0,2,,0,unknown,no
29,blue-collar,married,primary,no,41,yes,no,cellular,17,apr,61.0,2,,1,failure,no
31,management,married,tertiary,no,533,no,no,cellular,12,nov,81.0,5,,6,other,no
53,entrepreneur,married,secondary,no,18,no,yes,cellular,7,may,118.0,3,,0,unknown,no
30,technician,single,secondary,no,2717,yes,no,cellular,20,apr,183.0,3,,2,success,no
60,services,married,secondary,no,1060,no,no,telephone,24,jun,714.0,2,,1,success,no
59,unemployed,married,secondary,no,616,no,no,cellular,14,oct,408.0,3,,4,success,yes
63,retired,married,primary,no,9367,no,no,telephone,5,mar,254.0,2,,8,failure,yes
30,admin.,married,secondary,no,1189,yes,no,cellular,12,may,136.0,1,,0,unknown,no
35,technician,single,secondary,no,3852,yes,no,cellular,5,may,31.0,2,,1,failure,no
35,management,divorced,tertiary,no,489,yes,no,cellular,7,jul,285.0,1,,4,other,yes
43,blue-collar,married,primary,no,435,yes,no,cellular,16,apr,324.0,2,,1,failure,no
35,blue-collar,single,primary,no,-353,yes,no,cellular,12,may,161.0,1,,2,success,no
56,technician,married,secondary,no,0,yes,no,unknown,6,aug,45.0,1,,10,failure,no
34,self-employed,married,tertiary,no,1806,no,no,cellular,9,jul,1471.0,2,,7,other,no
37,technician,divorced,secondary,no,1127,yes,no,telephone,17,apr,44.0,1,,17,failure,no
25,management,single,tertiary,no,1637,no,no,cellular,28,jul,133.0,1,,2,failure,no
33,management,single,tertiary,no,1987,yes,no,cellular,30,dec,188.0,2,,1,failure,no
41,admin.,married,tertiary,no,5993,no,no,cellular,14,jan,122.0,3,,5,success,no
52,services,divorced,secondary,no,595,yes,no,cellular,17,apr,189.0,1,,1,failure,no
45,blue-collar,single,unknown,no,19,no,no,cellular,19,feb,137.0,2,,1,failure,yes
52,blue-collar,divorced,primary,no,950,yes,yes,telephone,20,apr,502.0,1,,2,failure,no
34,management,married,tertiary,no,6138,no,no,cellular,8,oct,212.0,4,,1,failure,yes
41,blue-collar,married,secondary,no,154,yes,no,cellular,5,may,347.0,1,,0,unknown,no
46,management,divorced,tertiary,no,266,yes,yes,cellular,14,may,114.0,2,,3,failure,no
30,admin.,divorced,secondary,no,2549,yes,no,cellular,18,may,140.0,2,,2,failure,no
39,entrepreneur,divorced,tertiary,no,1,yes,no,telephone,12,may,219.0,2,,0,unknown,no
48,blue-collar,married,secondary,no,616,no,no,cellular,22,may,266.0,2,,5,other,yes
42,blue-collar,married,unknown,no,254,yes,no,cellular,8,may,259.0,5,,0,unknown,no
49,admin.,divorced,tertiary,no,5041,yes,no,cellular,14,apr,884.0,2,,0,unknown,yes
32,self-employed,single,tertiary,no,0,no,no,cellular,4,aug,192.0,1,,2,other,yes
33,entrepreneur,divorced,tertiary,no,3345,yes,yes,telephone,5,may,336.0,2,,4,failure,no
47,management,single,tertiary,no,91,no,no,cellular,13,apr,358.0,1,,1,failure,yes
25,student,single,unknown,no,213,no,no,telephone,2,sep,208.0,1,,0,unknown,no
31,services,single,secondary,no,416,yes,no,cellular,16,apr,363.0,1,,1,success,no
55,blue-collar,divorced,primary,no,211,no,no,cellular,17,apr,247.0,1,,3,failure,no
27,technician,single,secondary,no,1182,no,no,cellular,3,mar,775.0,1,,1,success,yes
29,services,single,tertiary,no,139,no,no,cellular,11,sep,183.0,1,,2,failure,yes
32,entrepreneur,married,tertiary,no,603,yes,no,cellular,20,apr,29.0,3,,29,failure,no
47,admin.,single,secondary,no,318,no,no,cellular,3,sep,134.0,1,,4,success,yes
57,technician,divorced,secondary,no,981,yes,yes,cellular,4,jun,310.0,2,,1,failure,no
25,student,single,secondary,no,975,no,no,cellular,25,may,108.0,1,,2,failure,no
59,blue-collar,married,secondary,no,1840,yes,no,cellular,15,apr,386.0,1,,0,unknown,no
44,admin.,married,secondary,no,489,yes,no,cellular,20,apr,233.0,3,,1,failure,no
34,management,married,tertiary,no,7750,no,no,cellular,4,aug,632.0,1,,6,success,no
50,admin.,divorced,secondary,no,1599,yes,no,cellular,20,apr,874.0,2,,2,failure,yes
36,self-employed,married,secondary,no,3819,no,no,cellular,15,oct,449.0,1,,2,success,yes
35,blue-collar,married,primary,no,1395,yes,no,cellular,20,apr,97.0,2,,0,unknown,no
37,admin.,single,tertiary,no,144,yes,yes,cellular,4,aug,57.0,1,,0,unknown,no
32,technician,married,secondary,no,258,no,no,unknown,4,jun,9.0,1,,3,success,no
31,blue-collar,married,secondary,no,94,yes,no,cellular,17,apr,230.0,1,,0,unknown,no
42,management,single,tertiary,no,16,yes,no,telephone,16,jun,238.0,7,,0,unknown,yes
57,blue-collar,married,primary,no,1501,no,no,cellular,25,nov,280.0,2,,5,other,no
32,blue-collar,single,secondary,no,0,no,no,cellular,3,apr,212.0,1,,2,failure,yes
25,student,single,secondary,no,3025,no,no,cellular,26,oct,97.0,1,,0,unknown,yes
45,blue-collar,married,secondary,no,2047,yes,no,cellular,7,may,194.0,2,,2,failure,no
54,blue-collar,divorced,primary,no,201,yes,no,cellular,13,aug,211.0,2,,10,success,yes
38,services,married,secondary,no,407,yes,no,cellular,9,apr,50.0,3,,1,failure,no
35,blue-collar,single,primary,no,74,yes,no,cellular,13,may,93.0,3,,0,unknown,no
63,housemaid,married,primary,no,3338,no,no,cellular,5,sep,250.0,3,,17,other,yes
39,services,married,secondary,no,247,yes,no,cellular,7,may,624.0,3,,0,unknown,yes
30,blue-collar,single,secondary,no,1313,no,no,unknown,20,aug,174.0,1,,0,unknown,no
30,management,married,tertiary,no,235,no,no,cellular,8,sep,235.0,1,,1,failure,yes
34,blue-collar,married,secondary,no,4941,yes,no,cellular,14,may,8.0,6,,17,other,no
42,blue-collar,married,primary,no,2630,yes,no,cellular,26,nov,318.0,2,,4,success,yes
46,blue-collar,divorced,secondary,no,3458,yes,yes,cellular,20,apr,29.0,1,,2,failure,no
34,management,single,tertiary,no,56,yes,no,cellular,16,nov,224.0,1,,4,failure,no
38,management,single,tertiary,no,1074,yes,no,cellular,17,apr,161.0,1,,2,other,no
43,services,divorced,secondary,no,0,yes,no,cellular,17,apr,87.0,1,,0,unknown,no
37,admin.,divorced,secondary,no,2100,yes,no,cellular,17,aug,77.0,2,,1,failure,no
32,services,single,secondary,no,419,yes,no,cellular,7,sep,139.0,2,,3,failure,yes
42,admin.,divorced,tertiary,no,572,no,no,cellular,3,jun,69.0,2,,1,other,no
32,management,single,tertiary,no,0,no,no,cellular,12,oct,188.0,3,,0,unknown,no
46,technician,divorced,tertiary,no,3412,no,no,cellular,12,aug,206.0,1,,5,other,no
27,self-employed,single,tertiary,no,811,no,no,cellular,22,may,32.0,2,,0,unknown,no
41,admin.,married,secondary,no,151,yes,no,cellular,9,apr,146.0,2,,8,other,no
56,services,divorced,secondary,no,0,yes,no,cellular,7,may,216.0,2,,1,failure,no
46,technician,married,secondary,no,617,no,no,cellular,12,aug,216.0,1,,2,success,yes
35,self-employed,divorced,tertiary,no,2259,yes,no,cellular,6,may,300.0,1,,5,failure,no
65,retired,married,tertiary,no,1354,no,no,telephone,11,feb,285.0,1,,2,failure,no
60,management,married,tertiary,no,2191,yes,yes,cellular,22,jun,88.0,1,,2,failure,no
35,technician,married,secondary,no,113,no,no,cellular,13,aug,112.0,1,,2,other,no
47,technician,divorced,tertiary,no,2612,yes,no,cellular,15,oct,128.0,1,,1,other,yes
29,admin.,married,secondary,no,50,yes,yes,cellular,13,oct,299.0,1,,2,failure,no
45,housemaid,divorced,tertiary,no,839,yes,no,cellular,15,may,58.0,1,,0,unknown,no
72,retired,divorced,primary,no,5865,no,no,cellular,1,sep,499.0,2,,1,failure,yes
33,services,married,secondary,no,10529,yes,no,cellular,16,apr,222.0,1,,2,failure,no
24,student,single,secondary,no,21,no,no,cellular,26,aug,142.0,1,,0,unknown,yes
41,blue-collar,married,unknown,no,62,yes,no,cellular,15,may,167.0,1,,0,unknown,no
54,retired,divorced,tertiary,no,402,no,no,cellular,22,may,324.0,1,,0,unknown,no
40,technician,married,unknown,no,86,no,no,cellular,25,oct,152.0,1,,30,failure,no
33,services,married,secondary,no,234,yes,yes,cellular,6,may,87.0,1,,1,failure,no
42,housemaid,single,unknown,no,1840,no,no,cellular,24,aug,125.0,3,,6,failure,no
44,unemployed,single,tertiary,no,1087,yes,no,cellular,3,jun,388.0,2,,1,failure,no
55,technician,married,secondary,no,0,yes,no,cellular,7,may,217.0,1,,0,unknown,no
38,blue-collar,single,secondary,no,3090,yes,no,cellular,18,may,249.0,1,,2,failure,no
22,blue-collar,single,secondary,no,102,no,no,cellular,8,feb,365.0,1,,1,success,yes
34,housemaid,married,secondary,no,168,yes,no,cellular,8,jun,239.0,1,,1,other,no
31,management,married,tertiary,no,481,no,no,cellular,26,may,436.0,5,,1,success,yes
53,management,married,tertiary,no,6016,no,no,cellular,12,aug,285.0,1,,0,unknown,yes
35,management,single,tertiary,no,1423,no,no,telephone,4,jun,632.0,3,,2,other,yes
30,admin.,single,secondary,no,251,no,no,cellular,3,sep,326.0,1,,7,success,yes
32,technician,married,secondary,no,-43,yes,yes,cellular,16,apr,181.0,2,,18,other,no
48,admin.,married,primary,no,4903,yes,no,cellular,14,may,346.0,1,,7,other,no
43,blue-collar,married,primary,no,356,yes,no,cellular,11,may,339.0,2,,2,failure,no
39,management,married,tertiary,no,399,no,no,cellular,30,apr,285.0,1,,1,success,no
28,management,single,tertiary,no,980,no,no,cellular,28,aug,175.0,2,,1,other,yes
49,services,married,primary,no,423,yes,no,cellular,9,apr,641.0,4,,4,failure,no
27,admin.,single,secondary,no,1676,no,no,cellular,24,mar,103.0,1,,7,other,no
31,admin.,married,secondary,no,7435,no,no,cellular,25,may,182.0,2,,1,success,yes
35,technician,married,secondary,no,2101,yes,no,cellular,8,jun,126.0,1,,1,other,no
38,technician,divorced,tertiary,no,2669,no,no,cellular,30,apr,173.0,2,,5,failure,yes
45,blue-collar,married,secondary,no,1403,yes,no,telephone,13,may,125.0,2,,1,failure,no
36,self-employed,single,secondary,no,254,yes,no,cellular,18,may,262.0,1,,2,failure,no
46,blue-collar,married,primary,no,184,no,no,cellular,15,jun,236.0,1,,0,unknown,no
45,blue-collar,married,primary,no,0,yes,no,cellular,20,may,250.0,2,,0,unknown,no
33,management,married,secondary,no,495,no,no,cellular,11,jan,138.0,1,,2,success,yes
37,management,married,secondary,no,1012,yes,yes,cellular,8,may,180.0,1,,1,failure,no
29,management,single,tertiary,no,96,no,no,cellular,12,aug,88.0,2,,11,other,no
31,blue-collar,married,primary,no,138,yes,no,cellular,18,may,217.0,1,,3,failure,no
48,blue-collar,married,primary,no,1796,yes,no,telephone,17,apr,433.0,2,,1,other,no
56,retired,divorced,primary,no,65,no,no,cellular,22,apr,152.0,4,,1,failure,no
27,student,single,tertiary,no,258,no,no,cellular,25,may,663.0,1,,2,failure,yes
37,blue-collar,married,primary,no,0,yes,no,cellular,6,may,340.0,1,,1,failure,no
30,management,single,tertiary,no,69,no,no,cellular,30,apr,349.0,1,,0,unknown,yes
38,technician,married,secondary,no,6388,no,no,cellular,4,may,176.0,1,,2,success,no
37,admin.,divorced,secondary,no,-54,yes,no,cellular,17,apr,218.0,1,,1,failure,no
35,blue-collar,single,secondary,no,-586,yes,no,cellular,15,may,185.0,1,,2,failure,no
24,housemaid,divorced,primary,no,3676,yes,no,cellular,2,apr,417.0,1,,1,failure,no
50,housemaid,married,secondary,no,2701,no,no,telephone,18,jun,186.0,4,,2,other,no
44,management,divorced,secondary,no,-18,yes,no,cellular,13,may,20.0,1,,2,other,no
26,student,married,secondary,no,199,no,no,cellular,2,aug,143.0,2,,3,failure,no
36,management,single,tertiary,no,393,no,no,cellular,21,aug,122.0,1,,1,failure,yes
74,retired,married,unknown,no,1363,no,no,telephone,8,oct,125.0,1,,0,unknown,no
43,blue-collar,married,secondary,no,887,yes,no,cellular,12,may,220.0,3,,0,unknown,no
39,services,divorced,primary,no,437,yes,no,cellular,15,may,1628.0,2,,0,unknown,yes
60,retired,married,secondary,no,0,yes,no,cellular,20,apr,244.0,2,,1,failure,no
32,management,single,tertiary,no,446,no,no,cellular,9,dec,346.0,3,,2,success,no
31,services,single,secondary,no,205,yes,no,cellular,15,may,338.0,1,,1,failure,no
34,technician,married,secondary,no,332,no,no,cellular,11,sep,261.0,2,,1,failure,yes
35,management,married,tertiary,no,968,no,no,cellular,3,jun,169.0,1,,3,success,yes
32,blue-collar,married,secondary,no,658,yes,no,cellular,6,apr,283.0,3,,2,failure,no
54,technician,single,secondary,no,805,no,no,cellular,12,aug,359.0,1,,13,failure,yes
56,admin.,divorced,secondary,no,1048,yes,no,cellular,26,may,97.0,1,,3,success,no
28,self-employed,married,tertiary,no,256,no,no,cellular,9,dec,227.0,2,,1,success,yes
47,services,single,primary,no,3403,no,no,cellular,2,jun,670.0,1,,19,failure,yes
50,entrepreneur,single,primary,no,254,yes,no,telephone,15,may,3.0,5,,1,failure,no
36,self-employed,single,tertiary,no,-219,no,yes,cellular,18,may,111.0,1,,2,failure,no
75,retired,married,primary,no,6181,no,no,telephone,1,apr,355.0,1,,0,unknown,yes
35,management,married,tertiary,no,1780,yes,no,cellular,7,may,196.0,1,,3,failure,no
37,technician,married,secondary,no,264,yes,no,cellular,8,may,76.0,1,,2,other,no
24,services,single,secondary,no,643,no,no,cellular,21,oct,143.0,1,,4,success,yes
54,blue-collar,married,secondary,no,201,yes,no,cellular,12,may,121.0,4,,0,unknown,no
33,blue-collar,married,primary,no,18,yes,no,cellular,15,may,220.0,1,,0,unknown,no
54,management,divorced,secondary,no,1199,no,no,telephone,22,jun,91.0,2,,1,failure,no
62,retired,married,secondary,no,393,no,no,cellular,9,dec,102.0,1,,1,failure,yes
29,technician,married,secondary,no,450,yes,no,cellular,26,apr,212.0,3,,2,success,yes
50,management,divorced,tertiary,no,958,no,no,cellular,18,jun,111.0,2,,0,unknown,yes
35,management,single,tertiary,no,472,yes,no,cellular,18,may,51.0,1,,3,failure,no
32,management,married,tertiary,no,3950,yes,no,cellular,15,may,54.0,1,,1,other,no
59,management,married,secondary,no,2661,no,no,cellular,9,nov,69.0,2,,1,success,no
37,blue-collar,divorced,secondary,no,229,yes,no,cellular,12,may,109.0,1,,4,failure,no
36,blue-collar,married,primary,no,91,yes,no,telephone,15,may,20.0,7,,3,other,no
48,management,divorced,tertiary,no,1077,no,no,cellular,5,jun,79.0,1,,2,failure,no
50,management,divorced,tertiary,no,557,yes,no,cellular,29,jun,269.0,1,,0,unknown,yes
54,management,married,tertiary,no,0,no,no,cellular,24,mar,169.0,2,,4,failure,yes
36,admin.,divorced,secondary,no,351,yes,no,unknown,1,sep,13.0,1,,11,other,no
25,blue-collar,married,secondary,no,1277,yes,no,cellular,7,may,432.0,1,,0,unknown,no
41,management,married,tertiary,no,583,no,no,cellular,15,oct,173.0,1,,1,failure,yes
72,retired,married,primary,no,2161,no,no,telephone,5,aug,442.0,1,,5,other,yes
29,unemployed,single,secondary,no,578,no,no,cellular,9,jul,324.0,1,,0,unknown,yes
33,entrepreneur,married,primary,no,0,yes,no,telephone,7,may,42.0,2,,0,unknown,no
22,student,single,secondary,no,1101,no,no,telephone,9,sep,427.0,1,,2,success,yes
54,technician,married,secondary,no,2071,yes,no,cellular,2,jun,226.0,1,,0,unknown,no
38,technician,divorced,tertiary,no,106,no,no,cellular,25,oct,124.0,3,,3,success,yes
49,services,married,primary,no,1064,yes,no,cellular,6,apr,453.0,2,,1,failure,no
51,unemployed,married,secondary,no,1717,no,no,cellular,3,nov,195.0,1,,0,unknown,yes
57,retired,married,secondary,no,-1185,yes,no,telephone,20,may,376.0,1,,5,other,no
57,technician,married,secondary,no,1660,no,no,cellular,8,jun,404.0,1,,2,failure,no
54,blue-collar,married,secondary,no,0,yes,no,telephone,13,may,391.0,2,,0,unknown,no
32,services,married,secondary,no,1833,yes,no,cellular,14,may,133.0,1,,5,failure,no
32,technician,single,secondary,no,217,no,no,cellular,6,sep,182.0,2,,2,failure,yes
50,unemployed,married,secondary,no,156,no,no,unknown,22,feb,20.0,1,,0,unknown,no
34,management,married,tertiary,no,66,yes,no,cellular,20,apr,93.0,1,,0,unknown,no
26,technician,single,secondary,no,782,no,no,cellular,18,oct,48.0,1,,0,unknown,no
46,technician,married,secondary,no,545,yes,no,telephone,18,may,325.0,4,,2,failure,no
60,retired,married,secondary,no,2557,no,no,cellular,8,jul,262.0,2,,5,failure,yes
25,services,single,secondary,no,781,no,no,cellular,11,aug,195.0,1,,3,success,yes
34,unemployed,married,tertiary,no,3180,no,no,cellular,1,mar,257.0,2,,0,unknown,yes
31,admin.,single,secondary,no,6296,no,no,cellular,16,nov,891.0,1,,3,success,yes
29,technician,single,secondary,no,691,yes,no,cellular,6,may,203.0,1,,2,failure,yes
30,blue-collar,single,secondary,no,-147,yes,yes,cellular,12,may,250.0,1,,1,other,no
32,self-employed,single,tertiary,no,222,no,no,cellular,2,jun,315.0,1,,2,success,yes
33,services,single,tertiary,no,129,yes,no,cellular,14,apr,301.0,2,,1,failure,no
43,blue-collar,single,secondary,no,634,yes,no,cellular,18,may,87.0,1,,1,success,no
52,management,single,tertiary,no,287,no,no,telephone,27,may,176.0,2,,3,failure,no
24,admin.,single,secondary,no,1664,no,no,cellular,5,jun,457.0,2,,0,unknown,yes
30,management,single,secondary,no,-118,yes,no,cellular,15,may,20.0,5,,0,unknown,no
19,student,single,unknown,no,68,no,no,cellular,12,aug,480.0,4,,0,unknown,no
30,admin.,single,secondary,no,717,no,no,cellular,9,mar,92.0,3,,0,unknown,yes
29,admin.,single,secondary,no,158,no,no,cellular,10,feb,263.0,1,,2,failure,yes
53,management,married,secondary,no,2325,no,no,cellular,12,aug,494.0,1,,3,failure,no
45,management,single,tertiary,no,1693,yes,no,cellular,18,aug,202.0,1,,1,success,no
39,technician,divorced,secondary,no,1885,no,no,cellular,2,jun,264.0,1,,0,unknown,no
31,management,single,tertiary,no,2202,no,no,cellular,26,may,254.0,4,,6,other,no
59,management,married,tertiary,no,206,no,no,cellular,27,apr,299.0,2,,1,failure,yes
25,student,single,secondary,no,2693,no,no,cellular,8,jul,300.0,2,,1,success,yes
32,management,divorced,tertiary,no,58202,no,no,cellular,8,feb,228.0,4,,1,failure,no
45,unemployed,divorced,secondary,no,368,yes,no,cellular,17,apr,169.0,1,,0,unknown,no
53,admin.,divorced,secondary,no,1116,yes,yes,cellular,23,jun,170.0,1,,8,success,no
41,blue-collar,married,primary,no,83,yes,no,cellular,6,may,133.0,1,,0,unknown,no
33,management,single,tertiary,no,3345,yes,no,cellular,18,may,152.0,2,,0,unknown,no
36,technician,married,secondary,no,71,yes,no,cellular,17,apr,92.0,1,,3,other,no
34,admin.,married,secondary,no,296,yes,no,cellular,9,sep,598.0,1,,0,unknown,yes
66,retired,married,secondary,no,276,no,no,cellular,14,oct,71.0,1,,1,success,no
64,retired,married,secondary,no,8000,no,no,cellular,15,feb,89.0,2,,3,failure,no
34,management,single,tertiary,no,131,yes,no,cellular,4,aug,99.0,1,,1,failure,no
32,blue-collar,single,secondary,no,1415,yes,no,cellular,14,may,254.0,5,,1,failure,no
41,blue-collar,married,primary,no,-175,yes,yes,cellular,17,apr,118.0,1,,0,unknown,no
38,entrepreneur,divorced,primary,no,355,yes,no,cellular,13,may,243.0,1,,1,failure,no
26,blue-collar,married,secondary,no,243,yes,no,cellular,18,sep,116.0,1,,2,failure,yes
47,management,married,tertiary,no,380,no,no,cellular,11,oct,66.0,1,,2,failure,no
29,admin.,single,secondary,no,1245,no,no,cellular,8,jul,352.0,2,,0,unknown,no
37,blue-collar,married,secondary,no,5,yes,no,cellular,20,apr,24.0,5,,1,failure,no
52,technician,single,secondary,no,79,no,no,cellular,17,nov,130.0,1,,0,unknown,no
32,technician,married,secondary,no,0,no,no,cellular,13,oct,114.0,1,,7,success,no
23,student,single,secondary,no,951,no,no,cellular,17,aug,189.0,1,,0,unknown,yes
36,management,single,tertiary,no,1663,yes,no,cellular,5,may,99.0,1,,0,unknown,no
38,blue-collar,married,secondary,no,198,yes,no,cellular,15,may,359.0,1,,1,failure,no
53,blue-collar,divorced,secondary,no,3954,yes,no,cellular,17,apr,227.0,2,,0,unknown,no
32,management,married,tertiary,no,109,yes,no,cellular,2,jun,230.0,1,,7,failure,yes
31,technician,single,tertiary,no,611,no,no,cellular,30,apr,383.0,1,,1,success,yes
37,admin.,divorced,secondary,no,2040,yes,no,cellular,18,may,175.0,1,,1,failure,no
19,student,single,secondary,no,279,no,no,cellular,18,aug,207.0,1,,0,unknown,no
23,technician,single,secondary,no,76,no,no,cellular,13,aug,324.0,1,,2,failure,no
35,blue-collar,married,secondary,no,0,yes,no,cellular,12,may,228.0,1,,0,unknown,no
33,technician,married,secondary,no,55,yes,no,cellular,15,may,93.0,1,,0,unknown,no
32,management,married,tertiary,no,269,yes,no,cellular,18,may,11.0,6,,3,failure,no
23,services,single,secondary,no,183,no,no,cellular,30,apr,582.0,1,,0,unknown,yes
32,technician,married,secondary,no,643,no,no,cellular,25,jun,46.0,3,,4,success,no
52,blue-collar,single,secondary,no,158,yes,no,cellular,16,apr,208.0,2,,16,failure,no
42,blue-collar,married,secondary,no,349,yes,no,cellular,10,aug,178.0,1,,0,unknown,yes
42,technician,divorced,secondary,no,356,yes,no,cellular,6,may,296.0,4,,0,unknown,no
37,unemployed,married,secondary,no,205,no,no,cellular,1,sep,101.0,1,,0,unknown,yes
26,self-employed,single,tertiary,no,388,no,no,cellular,26,may,385.0,5,,1,other,yes
46,blue-collar,divorced,secondary,no,5085,yes,no,cellular,13,may,386.0,1,,1,failure,no
37,blue-collar,married,secondary,no,139,no,no,cellular,5,jun,263.0,1,,0,unknown,yes
30,management,single,tertiary,no,469,no,no,cellular,23,feb,373.0,2,,6,other,yes
66,retired,single,primary,no,1644,no,no,telephone,25,aug,1255.0,1,,3,other,yes
54,blue-collar,divorced,primary,no,2063,yes,no,cellular,12,may,165.0,6,,2,failure,no
35,blue-collar,married,secondary,no,1388,yes,no,cellular,17,apr,583.0,1,,0,unknown,yes
30,management,married,tertiary,no,758,yes,no,cellular,6,may,124.0,1,,1,failure,no
27,technician,single,secondary,no,875,no,no,cellular,18,jun,107.0,3,,0,unknown,no
35,blue-collar,married,secondary,no,-17,yes,no,cellular,7,may,79.0,2,,2,failure,no
48,services,divorced,secondary,no,223,no,no,cellular,12,may,291.0,3,,0,unknown,no
77,retired,divorced,primary,no,64,no,no,telephone,15,mar,321.0,1,,6,failure,yes
33,technician,single,tertiary,no,1313,no,no,cellular,13,aug,124.0,2,,1,failure,yes
41,management,single,tertiary,no,266,yes,yes,cellular,7,may,528.0,1,,3,failure,no
36,services,married,secondary,no,228,no,no,cellular,11,aug,309.0,1,,3,success,yes
35,technician,married,tertiary,no,159,yes,no,cellular,20,apr,185.0,2,,0,unknown,no
34,services,married,primary,no,194,yes,no,cellular,16,apr,291.0,1,,0,unknown,no
33,management,married,tertiary,no,3186,no,no,cellular,2,nov,133.0,1,,1,success,no
29,management,single,tertiary,no,3196,no,no,cellular,24,apr,318.0,1,,5,failure,no
36,self-employed,married,primary,no,305,yes,no,cellular,20,apr,225.0,4,,1,failure,no
36,management,single,tertiary,no,382,no,no,cellular,15,jun,95.0,1,,1,failure,no
25,services,single,secondary,no,309,yes,no,cellular,20,sep,250.0,2,,3,failure,yes
53,management,divorced,tertiary,no,473,no,no,cellular,25,aug,143.0,1,,7,success,no
42,technician,married,secondary,no,-192,yes,no,cellular,8,may,229.0,1,,1,failure,no
35,technician,single,tertiary,no,1998,yes,no,cellular,26,may,1066.0,1,,0,unknown,yes
77,retired,married,unknown,no,877,no,no,cellular,11,aug,41.0,1,,3,success,no
61,retired,married,secondary,no,201,no,no,cellular,28,aug,800.0,1,,1,success,yes
46,entrepreneur,single,primary,no,6129,yes,no,cellular,14,may,213.0,3,,1,failure,no
40,admin.,single,secondary,no,4,no,no,cellular,17,aug,269.0,2,,3,success,yes
31,admin.,single,tertiary,no,3382,no,no,cellular,30,apr,445.0,1,,23,other,yes
33,management,single,tertiary,no,3337,no,no,cellular,4,oct,233.0,1,,1,other,no
32,technician,single,secondary,no,625,yes,no,cellular,14,may,122.0,3,,1,failure,no
43,services,divorced,secondary,no,393,yes,no,cellular,5,may,157.0,1,,2,failure,no
57,management,married,tertiary,no,6103,yes,no,cellular,24,may,287.0,1,,0,unknown,yes
24,student,married,unknown,no,20,no,no,cellular,2,sep,57.0,1,,2,failure,no
55,entrepreneur,married,tertiary,no,26576,no,no,cellular,1,jul,91.0,6,,5,other,no
34,admin.,single,secondary,no,1359,yes,no,cellular,31,aug,86.0,1,,3,other,no
44,technician,single,secondary,no,1063,yes,no,cellular,7,apr,951.0,1,,0,unknown,no
27,student,single,tertiary,no,718,no,no,cellular,30,apr,183.0,1,,0,unknown,yes
42,services,married,secondary,no,-38,yes,no,cellular,17,apr,129.0,1,,0,unknown,no
44,blue-collar,married,primary,no,688,yes,no,cellular,11,may,309.0,3,,5,other,no
34,admin.,married,secondary,no,270,yes,no,cellular,2,jun,265.0,1,,3,other,yes
30,management,married,tertiary,no,104,no,no,cellular,5,feb,253.0,1,,2,failure,yes
30,student,single,secondary,no,2364,no,no,cellular,14,may,80.0,4,,2,success,no
25,student,married,secondary,no,2321,no,no,cellular,8,sep,310.0,2,,3,failure,yes
30,student,single,tertiary,no,1217,no,no,cellular,26,may,266.0,1,,0,unknown,yes
41,technician,single,unknown,no,2084,no,no,cellular,21,apr,463.0,2,,0,unknown,yes
34,management,single,primary,no,130,yes,no,cellular,16,apr,103.0,2,,2,failure,no
30,technician,married,secondary,no,1093,yes,no,telephone,25,may,51.0,7,,4,failure,no
42,technician,single,secondary,no,746,no,no,cellular,22,may,109.0,1,,0,unknown,no
41,blue-collar,married,secondary,no,-4,yes,no,cellular,12,may,722.0,1,,1,failure,no
30,management,married,tertiary,no,238,yes,no,cellular,8,apr,658.0,2,,0,unknown,yes
71,retired,divorced,primary,no,680,no,no,telephone,24,feb,330.0,1,,0,unknown,yes
32,admin.,married,secondary,no,387,yes,no,cellular,13,apr,195.0,1,,1,failure,no
36,services,married,secondary,no,887,yes,no,cellular,9,apr,182.0,1,,3,failure,no
35,blue-collar,married,primary,no,130,yes,no,cellular,18,may,285.0,1,,0,unknown,no
37,services,married,secondary,no,1502,yes,no,cellular,5,may,84.0,1,,0,unknown,no
38,services,married,secondary,no,48,yes,no,cellular,8,apr,155.0,1,,3,failure,no
49,admin.,married,secondary,no,4,yes,no,cellular,21,aug,53.0,1,,0,unknown,no
29,technician,single,secondary,no,160,yes,no,unknown,25,may,5.0,1,,7,other,no
27,self-employed,married,tertiary,no,771,no,no,cellular,15,jun,423.0,3,,0,unknown,no
57,retired,married,secondary,no,324,no,no,cellular,30,apr,267.0,1,,4,other,no
33,technician,single,tertiary,no,2401,yes,no,cellular,16,apr,428.0,3,,5,failure,no
41,blue-collar,married,secondary,no,265,yes,no,cellular,7,may,500.0,1,,0,unknown,no
52,blue-collar,married,secondary,no,1754,yes,no,cellular,11,may,313.0,1,,0,unknown,no
23,student,single,secondary,no,48,no,no,cellular,5,may,177.0,2,,1,success,no
48,services,single,primary,no,32,no,yes,cellular,8,may,202.0,6,,1,failure,no
49,management,single,tertiary,no,1220,no,no,cellular,22,apr,89.0,2,,1,failure,no
36,management,single,tertiary,no,2556,yes,no,cellular,13,may,165.0,1,,0,unknown,no
41,blue-collar,divorced,unknown,no,-203,yes,no,cellular,11,may,474.0,1,,11,other,yes
47,management,married,unknown,no,1270,no,no,cellular,22,may,83.0,1,,1,failure,no
39,services,divorced,primary,no,780,yes,no,cellular,13,may,865.0,1,,1,failure,no
32,blue-collar,single,secondary,no,40,no,no,cellular,30,apr,210.0,2,,0,unknown,no
37,unemployed,married,primary,no,864,yes,yes,cellular,6,may,202.0,3,,0,unknown,no
41,management,married,secondary,no,676,yes,yes,cellular,17,apr,158.0,2,,0,unknown,no
35,self-employed,single,tertiary,no,2983,yes,no,cellular,20,aug,38.0,1,,2,other,no
42,technician,married,secondary,no,3310,no,no,cellular,2,sep,182.0,1,,3,success,no
37,technician,divorced,tertiary,no,117,yes,no,cellular,7,may,177.0,1,,2,failure,no
38,management,married,tertiary,no,227,no,no,cellular,24,mar,105.0,1,,0,unknown,no
32,admin.,married,secondary,no,1271,yes,no,cellular,8,jun,47.0,1,,1,success,no
59,housemaid,married,primary,no,480,no,no,cellular,23,apr,159.0,1,,8,other,no
40,blue-collar,married,secondary,no,228,yes,no,cellular,11,may,266.0,1,,0,unknown,no
24,self-employed,single,tertiary,no,2033,no,no,cellular,23,jun,228.0,3,,0,unknown,no
43,admin.,divorced,secondary,no,1147,no,no,cellular,12,jul,381.0,2,,3,other,yes
48,technician,married,secondary,no,2726,yes,no,cellular,30,apr,322.0,2,,1,success,yes
32,management,married,tertiary,no,508,no,no,cellular,28,may,416.0,1,,3,failure,no
29,technician,single,secondary,no,92,no,no,cellular,1,sep,108.0,1,,9,other,no
34,blue-collar,single,secondary,no,79,yes,no,cellular,5,may,165.0,1,,1,failure,no
39,unemployed,married,primary,no,640,yes,no,cellular,8,may,72.0,4,,2,failure,no
72,retired,married,secondary,no,16829,no,no,cellular,27,oct,157.0,2,,1,other,yes
32,management,single,tertiary,no,1000,yes,no,cellular,7,may,156.0,3,,8,failure,no
30,admin.,single,secondary,no,249,yes,no,cellular,18,may,78.0,4,,1,success,no
61,admin.,married,secondary,no,197,no,no,cellular,27,jan,616.0,1,,1,success,yes
25,student,single,secondary,no,0,no,yes,unknown,25,may,100.0,1,,0,unknown,no
52,blue-collar,married,primary,no,0,yes,no,cellular,6,may,171.0,1,,0,unknown,no
48,blue-collar,married,secondary,no,839,yes,no,cellular,18,may,16.0,8,,1,failure,no
30,student,single,tertiary,no,965,no,no,cellular,12,apr,150.0,3,,1,failure,no
28,blue-collar,single,secondary,no,1027,no,no,cellular,18,mar,365.0,1,,0,unknown,yes
59,management,divorced,tertiary,no,2398,yes,no,cellular,25,aug,234.0,1,,0,unknown,yes
32,admin.,single,secondary,no,132,no,no,cellular,2,jul,189.0,1,,1,failure,no
34,management,single,tertiary,no,3428,no,no,cellular,8,jul,196.0,1,,1,other,yes
52,admin.,married,secondary,no,1380,yes,no,cellular,11,aug,108.0,2,,3,failure,no
77,retired,married,primary,no,0,no,no,cellular,8,sep,317.0,1,,2,failure,yes
42,management,married,tertiary,no,0,no,no,cellular,19,mar,407.0,2,,0,unknown,yes
26,management,married,tertiary,no,983,yes,yes,cellular,3,mar,377.0,1,,1,failure,yes
35,management,married,tertiary,no,0,no,no,cellular,15,jan,165.0,2,,0,unknown,yes
41,admin.,divorced,primary,no,2073,yes,no,cellular,6,may,289.0,1,,0,unknown,no
39,technician,married,secondary,no,385,no,no,cellular,28,aug,175.0,3,,0,unknown,yes
27,services,single,secondary,no,169,no,no,cellular,4,may,110.0,1,,2,success,no
21,student,single,secondary,no,10332,no,no,cellular,13,nov,666.0,1,,0,unknown,no
40,management,married,tertiary,no,2984,no,no,cellular,18,dec,180.0,3,,0,unknown,no
42,admin.,single,secondary,no,-195,yes,yes,cellular,11,may,456.0,1,,1,other,yes
31,services,single,secondary,no,-96,yes,no,cellular,17,apr,1012.0,2,,1,failure,no
27,technician,single,tertiary,no,3764,yes,no,cellular,24,may,41.0,2,,3,success,no
54,management,married,primary,no,1161,no,no,cellular,12,aug,228.0,2,,2,failure,no
31,admin.,divorced,secondary,no,266,yes,no,cellular,18,may,319.0,2,,0,unknown,no
55,admin.,divorced,secondary,no,2881,no,no,cellular,27,may,350.0,1,,4,success,yes
39,technician,married,secondary,no,262,no,no,cellular,12,mar,148.0,2,,5,failure,yes
41,management,married,tertiary,no,1818,yes,no,cellular,24,jun,136.0,1,,2,failure,no
49,blue-collar,divorced,primary,no,541,yes,no,cellular,13,may,327.0,2,,0,unknown,no
58,retired,married,primary,no,1511,no,no,telephone,1,jun,661.0,2,,3,failure,yes
40,unemployed,married,tertiary,no,425,yes,no,cellular,13,may,223.0,2,,4,failure,no
32,blue-collar,divorced,secondary,no,6371,yes,no,cellular,14,may,712.0,4,,7,failure,yes
27,student,single,tertiary,no,323,yes,no,cellular,15,may,122.0,2,,1,other,no
30,self-employed,single,tertiary,no,107,no,no,cellular,11,oct,559.0,1,,3,other,yes
